chapter,section,code,description
I,A,A00,Cholera
I,A,A01,Typhoid and paratyphoid fevers
I,A,A02,Other salmonella infections
I,A,A03,Shigellosis
I,A,A04,Other bacterial intestinal infections
I,A,A05,Other bacterial foodborne intoxications
I,A,A06,Amebiasis
I,A,A07,Other protozoal intestinal diseases
I,A,A08,Viral and other specified intestinal infections
I,A,A09,Infectious gastroenteritis and colitis
I,B,B00,Herpesviral [herpes simplex] infections
I,B,B01,Varicella [chickenpox]
I,B,B02,Herpes zoster
I,B,B03,Smallpox
I,B,B04,Monkeypox
I,B,B05,Measles
I,B,B06,Rubella [German measles]
I,B,B07,Viral warts
I,B,B08,Other viral infections
I,B,B09,Unspecified viral infection
II,C,C00,Malignant neoplasm of lip
II,C,C01,Malignant neoplasm of base of tongue
II,C,C02,Malignant neoplasm of other and unspecified parts of tongue
II,C,C03,Malignant neoplasm of gum
II,C,C04,Malignant neoplasm of floor of mouth
II,C,C05,Malignant neoplasm of palate
II,C,C06,Malignant neoplasm of other and unspecified parts of mouth
II,C,C07,Malignant neoplasm of parotid gland
II,C,C08,Malignant neoplasm of other and unspecified major salivary glands
II,C,C09,Malignant neoplasm of tonsil
II,C,C10,Malignant neoplasm of oropharynx
II,C,C11,Malignant neoplasm of nasopharynx
II,C,C12,Malignant neoplasm of pyriform sinus
II,C,C13,Malignant neoplasm of hypopharynx
II,C,C14,Malignant neoplasm of other and ill-defined sites in the lip, oral cavity and pharynx
II,C,C15,Malignant neoplasm of esophagus
II,C,C16,Malignant neoplasm of stomach
II,C,C17,Malignant neoplasm of small intestine
II,C,C18,Malignant neoplasm of colon
II,C,C19,Malignant neoplasm of rectosigmoid junction
II,C,C20,Malignant neoplasm of rectum
II,C,C21,Malignant neoplasm of anus and anal canal
II,C,C22,Malignant neoplasm of liver and intrahepatic bile ducts
II,C,C23,Malignant neoplasm of gallbladder
II,C,C24,Malignant neoplasm of other and unspecified parts of biliary tract
II,C,C25,Malignant neoplasm of pancreas
II,C,C26,Malignant neoplasm of other and ill-defined digestive organs
II,C,C30,Malignant neoplasm of nasal cavity and middle ear
II,C,C31,Malignant neoplasm of accessory sinuses
II,C,C32,Malignant neoplasm of larynx
II,C,C33,Malignant neoplasm of trachea
II,C,C34,Malignant neoplasm of bronchus and lung
II,C,C37,Malignant neoplasm of thymus
II,C,C38,Malignant neoplasm of heart, mediastinum and pleura
II,C,C39,Malignant neoplasm of other and ill-defined sites in the respiratory system and intrathoracic organs
II,C,C40,Malignant neoplasm of bone and articular cartilage of limbs
II,C,C41,Malignant neoplasm of bone and articular cartilage of other and unspecified sites
II,C,C43,Malignant melanoma of skin
II,C,C44,Other malignant neoplasms of skin
II,C,C45,Mesothelioma
II,C,C46,Kaposi's sarcoma
II,C,C47,Malignant neoplasm of peripheral nerves and autonomic nervous system
II,C,C48,Malignant neoplasm of retroperitoneum and peritoneum
II,C,C49,Malignant neoplasm of other connective and soft tissue
II,C,C50,Malignant neoplasm of breast
II,C,C51,Malignant neoplasm of vulva
II,C,C52,Malignant neoplasm of vagina
II,C,C53,Malignant neoplasm of cervix uteri
II,C,C54,Malignant neoplasm of corpus uteri
II,C,C55,Malignant neoplasm of uterus, part unspecified
II,C,C56,Malignant neoplasm of ovary
II,C,C57,Malignant neoplasm of other and unspecified female genital organs
II,C,C58,Malignant neoplasm of placenta
II,C,C60,Malignant neoplasm of penis
II,C,C61,Malignant neoplasm of prostate
II,C,C62,Malignant neoplasm of testis
II,C,C63,Malignant neoplasm of other and unspecified male genital organs
II,C,C64,Malignant neoplasm of kidney, except renal pelvis
II,C,C65,Malignant neoplasm of renal pelvis
II,C,C66,Malignant neoplasm of ureter
II,C,C67,Malignant neoplasm of bladder
II,C,C68,Malignant neoplasm of other and unspecified urinary organs
II,C,C69,Malignant neoplasm of eye and adnexa
II,C,C70,Malignant neoplasm of meninges
II,C,C71,Malignant neoplasm of brain
II,C,C72,Malignant neoplasm of spinal cord, cranial nerves and other parts of central nervous system
II,C,C73,Malignant neoplasm of thyroid gland
II,C,C74,Malignant neoplasm of adrenal gland
II,C,C75,Malignant neoplasm of other endocrine glands and related structures
II,C,C76,Malignant neoplasm of other and ill-defined sites
II,C,C81,Hodgkin lymphoma
II,C,C82,Follicular lymphoma
II,C,C83,Non-follicular lymphoma
II,C,C84,Mature T/NK-cell lymphomas
II,C,C85,Other and unspecified types of non-Hodgkin lymphoma
II,C,C88,Malignant immunoproliferative diseases
II,C,C90,Multiple myeloma and malignant plasma cell neoplasms
II,C,C91,Lymphoid leukemia
II,C,C92,Myeloid leukemia
II,C,C93,Monocytic leukemia
II,C,C94,Other leukemias of specified cell type
II,C,C95,Leukemia of unspecified cell type
II,C,C96,Other and unspecified malignant neoplasms of lymphoid, hematopoietic and related tissue
II,D,D00,Carcinoma in situ of oral cavity, esophagus and stomach
II,D,D01,Carcinoma in situ of other and unspecified digestive organs
II,D,D02,Carcinoma in situ of middle ear and respiratory system
II,D,D03,Melanoma in situ
II,D,D04,Carcinoma in situ of skin
II,D,D05,Carcinoma in situ of breast
II,D,D06,Carcinoma in situ of cervix uteri
II,D,D07,Carcinoma in situ of other and unspecified genital organs
II,D,D09,Carcinoma in situ of other and unspecified sites
II,D,D10,Benign neoplasm of mouth and pharynx
II,D,D11,Benign neoplasm of major salivary glands
II,D,D12,Benign neoplasm of colon, rectum, anus and anal canal
II,D,D13,Benign neoplasm of other and ill-defined parts of digestive system
II,D,D14,Benign neoplasm of middle ear and respiratory system
II,D,D15,Benign neoplasm of other and unspecified intrathoracic organs
II,D,D16,Benign neoplasm of bone and articular cartilage
II,D,D17,Benign lipomatous neoplasm
II,D,D18,Hemangioma and lymphangioma, any site
II,D,D19,Benign neoplasm of mesothelial tissue
II,D,D20,Benign neoplasm of soft tissue of retroperitoneum and peritoneum
II,D,D21,Other benign neoplasms of connective and other soft tissue
II,D,D22,Melanocytic nevi
II,D,D23,Other benign neoplasms of skin
II,D,D24,Benign neoplasm of breast
II,D,D25,Leiomyoma of uterus
II,D,D26,Other benign neoplasms of uterus
II,D,D27,Benign neoplasm of ovary
II,D,D28,Benign neoplasm of other and unspecified female genital organs
II,D,D29,Benign neoplasm of male genital organs
II,D,D30,Benign neoplasm of urinary organs
II,D,D31,Benign neoplasm of eye and adnexa
II,D,D32,Benign neoplasm of meninges
II,D,D33,Benign neoplasm of brain and other parts of central nervous system
II,D,D34,Benign neoplasm of thyroid gland
II,D,D35,Benign neoplasm of other and unspecified endocrine glands
II,D,D36,Benign neoplasm of other and unspecified sites
II,D,D37,Neoplasm of uncertain or unknown behavior of oral cavity and digestive organs
II,D,D38,Neoplasm of uncertain or unknown behavior of middle ear and respiratory and intrathoracic organs
II,D,D39,Neoplasm of uncertain or unknown behavior of female genital organs
II,D,D40,Neoplasm of uncertain or unknown behavior of male genital organs
II,D,D41,Neoplasm of uncertain or unknown behavior of urinary organs
II,D,D42,Neoplasm of uncertain or unknown behavior of meninges
II,D,D43,Neoplasm of uncertain or unknown behavior of brain and central nervous system
II,D,D44,Neoplasm of uncertain or unknown behavior of endocrine glands
II,D,D45,Polycythemia vera
II,D,D46,Myelodysplastic syndromes
II,D,D47,Other neoplasms of uncertain or unknown behavior of lymphoid, hematopoietic and related tissue
II,D,D48,Neoplasm of uncertain or unknown behavior of other and unspecified sites
III,D,D50,Iron deficiency anemia
III,D,D51,Vitamin B12 deficiency anemia
III,D,D52,Folate deficiency anemia
III,D,D53,Other nutritional anemias
III,D,D55,Anemia due to enzyme disorders
III,D,D56,Thalassemia
III,D,D57,Sickle-cell disorders
III,D,D58,Other hereditary hemolytic anemias
III,D,D59,Acquired hemolytic anemia
III,D,D60,Acquired pure red cell aplasia [erythroblastopenia]
III,D,D61,Other aplastic anemias and other bone marrow failure syndromes
III,D,D62,Acute posthemorrhagic anemia
III,D,D63,Anemia in chronic diseases classified elsewhere
III,D,D64,Other anemias
III,D,D65,Disseminated intravascular coagulation [defibrination syndrome]
III,D,D66,Hereditary factor VIII deficiency
III,D,D67,Hereditary factor IX deficiency
III,D,D68,Other coagulation defects
III,D,D69,Purpura and other hemorrhagic conditions
III,D,D70,Agranulocytosis
III,D,D71,Functional disorders of polymorphonuclear neutrophils
III,D,D72,Other disorders of white blood cells
III,D,D73,Diseases of spleen
III,D,D74,Methaemoglobinaemia
III,D,D75,Other diseases of blood and blood-forming organs
III,D,D76,Other specified diseases with involvement of lymphoreticular tissue and reticulohistiocytic system
III,D,D77,Other disorders of blood and blood-forming organs in diseases classified elsewhere
IV,E,E00,Congenital iodine deficiency syndrome
IV,E,E01,Iodine-deficiency-related thyroid disorders and allied conditions
IV,E,E02,Subclinical iodine-deficiency hypothyroidism
IV,E,E03,Other hypothyroidism
IV,E,E04,Other nontoxic goiter
IV,E,E05,Thyrotoxicosis [hyperthyroidism]
IV,E,E06,Thyroiditis
IV,E,E07,Other disorders of thyroid
IV,E,E08,Diabetes mellitus due to underlying condition
IV,E,E09,Drug or chemical induced diabetes mellitus
IV,E,E10,Type 1 diabetes mellitus
IV,E,E11,Type 2 diabetes mellitus
IV,E,E12,Malnutrition-related diabetes mellitus
IV,E,E13,Other specified diabetes mellitus
IV,E,E14,Unspecified diabetes mellitus
IV,E,E15,Nondiabetic hypoglycemic coma
IV,E,E16,Other disorders of pancreatic internal secretion
IV,E,E20,Hypoparathyroidism
IV,E,E21,Hyperparathyroidism and other disorders of parathyroid gland
IV,E,E22,Hyperfunction of pituitary gland
IV,E,E23,Hypofunction and other disorders of pituitary gland
IV,E,E24,Cushing's syndrome
IV,E,E25,Adrenogenital disorders
IV,E,E26,Hyperaldosteronism
IV,E,E27,Other disorders of adrenal gland
IV,E,E28,Ovarian dysfunction
IV,E,E29,Testicular dysfunction
IV,E,E30,Disorders of puberty, not elsewhere classified
IV,E,E31,Polyglandular dysfunction
IV,E,E32,Diseases of thymus
IV,E,E34,Other endocrine disorders
IV,E,E35,Disorders of endocrine glands in diseases classified elsewhere
IV,E,E36,Intraoperative complications of endocrine system
IV,E,E40,Kwashiorkor
IV,E,E41,Nutritional marasmus
IV,E,E42,Marasmic kwashiorkor
IV,E,E43,Unspecified severe protein-energy malnutrition
IV,E,E44,Protein-energy malnutrition of moderate and mild degree
IV,E,E45,Retarded development following protein-energy malnutrition
IV,E,E46,Unspecified protein-energy malnutrition
IV,E,E50,Vitamin A deficiency
IV,E,E51,Thiamine deficiency
IV,E,E52,Niacin deficiency [pellagra]
IV,E,E53,Deficiency of other B group vitamins
IV,E,E54,Ascorbic acid deficiency
IV,E,E55,Vitamin D deficiency
IV,E,E56,Other vitamin deficiencies
IV,E,E58,Dietary calcium deficiency
IV,E,E59,Dietary selenium deficiency
IV,E,E60,Dietary zinc deficiency
IV,E,E61,Deficiency of other nutrient elements
IV,E,E63,Other nutritional deficiencies
IV,E,E64,Sequelae of malnutrition and other nutritional deficiencies
IV,E,E65,Localized adiposity
IV,E,E66,Obesity
IV,E,E67,Other hyperalimentation
IV,E,E68,Sequelae of hyperalimentation
IV,E,E70,Disorders of aromatic amino-acid metabolism
IV,E,E71,Disorders of branched-chain amino-acid metabolism and fatty-acid metabolism
IV,E,E72,Other disorders of amino-acid metabolism
IV,E,E73,Lactose intolerance
IV,E,E74,Other disorders of carbohydrate metabolism
IV,E,E75,Disorders of sphingolipid metabolism and other lipid storage disorders
IV,E,E76,Disorders of glycosaminoglycan metabolism
IV,E,E77,Disorders of glycoprotein metabolism
IV,E,E78,Disorders of lipoprotein metabolism and other lipidemias
IV,E,E79,Disorders of purine and pyrimidine metabolism
IV,E,E80,Disorders of porphyrin and bilirubin metabolism
IV,E,E83,Disorders of mineral metabolism
IV,E,E84,Cystic fibrosis
IV,E,E85,Amyloidosis
IV,E,E86,Volume depletion
IV,E,E87,Other disorders of fluid, electrolyte and acid-base balance
IV,E,E88,Other metabolic disorders
IV,E,E89,Postprocedural endocrine and metabolic complications
V,F,F00,Dementia in Alzheimer's disease
V,F,F01,Vascular dementia
V,F,F02,Dementia in other diseases classified elsewhere
V,F,F03,Unspecified dementia
V,F,F04,Organic amnesic syndrome, not induced by alcohol and other psychoactive substances
V,F,F05,Delirium, not induced by alcohol and other psychoactive substances
V,F,F06,Other mental disorders due to brain damage and dysfunction and to physical disease
V,F,F07,Personality and behavioral disorders due to brain disease, damage and dysfunction
V,F,F09,Unspecified organic or symptomatic mental disorder
V,F,F10,Mental and behavioral disorders due to use of alcohol
V,F,F11,Mental and behavioral disorders due to use of opioids
V,F,F12,Mental and behavioral disorders due to use of cannabinoids
V,F,F13,Mental and behavioral disorders due to use of sedatives or hypnotics
V,F,F14,Mental and behavioral disorders due to use of cocaine
V,F,F15,Mental and behavioral disorders due to use of other stimulants, including caffeine
V,F,F16,Mental and behavioral disorders due to use of hallucinogens
V,F,F17,Mental and behavioral disorders due to use of tobacco
V,F,F18,Mental and behavioral disorders due to use of volatile solvents
V,F,F19,Mental and behavioral disorders due to use of multiple drugs and use of other psychoactive substances
V,F,F20,Schizophrenia
V,F,F21,Schizotypal disorder
V,F,F22,Persistent delusional disorders
V,F,F23,Acute and transient psychotic disorders
V,F,F24,Induced delusional disorder
V,F,F25,Schizoaffective disorders
V,F,F28,Other nonorganic psychotic disorders
V,F,F29,Unspecified nonorganic psychosis
V,F,F30,Manic episode
V,F,F31,Bipolar affective disorder
V,F,F32,Depressive episode
V,F,F33,Recurrent depressive disorder
V,F,F34,Persistent mood [affective] disorders
V,F,F38,Other mood [affective] disorders
V,F,F39,Unspecified mood [affective] disorder
V,F,F40,Phobic anxiety disorders
V,F,F41,Other anxiety disorders
V,F,F42,Obsessive-compulsive disorder
V,F,F43,Reaction to severe stress, and adjustment disorders
V,F,F44,Dissociative [conversion] disorders
V,F,F45,Somatoform disorders
V,F,F48,Other neurotic disorders
V,F,F50,Eating disorders
V,F,F51,Nonorganic sleep disorders
V,F,F52,Sexual dysfunction, not caused by organic disorder or disease
V,F,F53,Mental and behavioral disorders associated with the puerperium, not elsewhere classified
V,F,F54,Psychological and behavioral factors associated with disorders or diseases classified elsewhere
V,F,F55,Abuse of non-dependence-producing substances
V,F,F59,Unspecified behavioral syndromes associated with physiological disturbances and physical factors
V,F,F60,Specific personality disorders
V,F,F61,Mixed and other personality disorders
V,F,F62,Enduring personality changes, not attributable to brain damage and disease
V,F,F63,Habit and impulse disorders
V,F,F64,Gender identity disorders
V,F,F65,Disorders of sexual preference
V,F,F66,Psychological and behavioral disorders associated with sexual development and orientation
V,F,F68,Other disorders of adult personality and behavior
V,F,F69,Unspecified disorder of adult personality and behavior
V,F,F70,Mild mental retardation
V,F,F71,Moderate mental retardation
V,F,F72,Severe mental retardation
V,F,F73,Profound mental retardation
V,F,F78,Other mental retardation
V,F,F79,Unspecified mental retardation
V,F,F80,Specific developmental disorders of speech and language
V,F,F81,Specific developmental disorders of scholastic skills
V,F,F82,Specific developmental disorder of motor function
V,F,F83,Mixed specific developmental disorders
V,F,F84,Pervasive developmental disorders
V,F,F88,Other disorders of psychological development
V,F,F89,Unspecified disorder of psychological development
V,F,F90,Hyperkinetic disorders
V,F,F91,Conduct disorders
V,F,F92,Mixed disorders of conduct and emotions
V,F,F93,Emotional disorders with onset specific to childhood
V,F,F94,Disorders of social functioning with onset specific to childhood and adolescence
V,F,F95,Tic disorders
V,F,F98,Other behavioral and emotional disorders with onset usually occurring in childhood and adolescence
V,F,F99,Mental disorder, not otherwise specified
VI,G,G00,Bacterial meningitis, not elsewhere classified
VI,G,G01,Meningitis in bacterial diseases classified elsewhere
VI,G,G02,Meningitis in other infectious and parasitic diseases classified elsewhere
VI,G,G03,Meningitis due to other and unspecified causes
VI,G,G04,Encephalitis, myelitis and encephalomyelitis
VI,G,G05,Encephalitis, myelitis and encephalomyelitis in diseases classified elsewhere
VI,G,G06,Intracranial and intraspinal abscess and granuloma
VI,G,G07,Intracranial and intraspinal abscess and granuloma in diseases classified elsewhere
VI,G,G08,Intracranial and intraspinal phlebitis and thrombophlebitis
VI,G,G09,Sequelae of inflammatory diseases of central nervous system
VI,G,G10,Huntington's disease
VI,G,G11,Hereditary ataxia
VI,G,G12,Spinal muscular atrophy and related syndromes
VI,G,G13,Systemic atrophies primarily affecting central nervous system in diseases classified elsewhere
VI,G,G20,Parkinson's disease
VI,G,G21,Secondary parkinsonism
VI,G,G22,Parkinsonism in diseases classified elsewhere
VI,G,G23,Other degenerative diseases of basal ganglia
VI,G,G24,Dystonia
VI,G,G25,Other extrapyramidal and movement disorders
VI,G,G26,Extrapyramidal and movement disorders in diseases classified elsewhere
VI,G,G30,Alzheimer's disease
VI,G,G31,Other degenerative diseases of nervous system, not elsewhere classified
VI,G,G32,Other degenerative disorders of nervous system in diseases classified elsewhere
VI,G,G35,Multiple sclerosis
VI,G,G36,Other acute disseminated demyelination
VI,G,G37,Other demyelinating diseases of central nervous system
VI,G,G40,Epilepsy
VI,G,G41,Status epilepticus
VI,G,G43,Migraine
VI,G,G44,Other headache syndromes
VI,G,G45,Transient cerebral ischemic attacks and related syndromes
VI,G,G46,Vascular syndromes of brain in cerebrovascular diseases
VI,G,G47,Sleep disorders
VI,G,G50,Disorders of trigeminal nerve
VI,G,G51,Facial nerve disorders
VI,G,G52,Disorders of other cranial nerves
VI,G,G53,Cranial nerve disorders in diseases classified elsewhere
VI,G,G54,Nerve root and plexus disorders
VI,G,G55,Nerve root and plexus compressions in diseases classified elsewhere
VI,G,G56,Mononeuropathies of upper limb
VI,G,G57,Mononeuropathies of lower limb
VI,G,G58,Other mononeuropathies
VI,G,G59,Mononeuropathy in diseases classified elsewhere
VI,G,G60,Hereditary and idiopathic neuropathy
VI,G,G61,Inflammatory polyneuropathy
VI,G,G62,Other polyneuropathies
VI,G,G63,Polyneuropathy in diseases classified elsewhere
VI,G,G64,Other disorders of peripheral nervous system
VI,G,G70,Myasthenia gravis and other myoneural disorders
VI,G,G71,Primary disorders of muscles
VI,G,G72,Other myopathies
VI,G,G73,Disorders of myoneural junction and muscle in diseases classified elsewhere
VI,G,G80,Infantile cerebral palsy
VI,G,G81,Hemiplegia
VI,G,G82,Paraplegia and tetraplegia
VI,G,G83,Other paralytic syndromes
VI,G,G90,Disorders of autonomic nervous system
VI,G,G91,Hydrocephalus
VI,G,G92,Toxic encephalopathy
VI,G,G93,Other disorders of brain
VI,G,G94,Other disorders of brain in diseases classified elsewhere
VI,G,G95,Other diseases of spinal cord
VI,G,G96,Other disorders of central nervous system
VI,G,G97,Postprocedural disorders of nervous system, not elsewhere classified
VI,G,G98,Other disorders of nervous system, not elsewhere classified
VI,G,G99,Other disorders of nervous system in diseases classified elsewhere
VII,H,H00,Hordeolum and chalazion
VII,H,H01,Other inflammation of eyelid
VII,H,H02,Other disorders of eyelid
VII,H,H03,Disorders of eyelid in diseases classified elsewhere
VII,H,H04,Disorders of lacrimal system
VII,H,H05,Disorders of orbit
VII,H,H06,Disorders of lacrimal system and orbit in diseases classified elsewhere
VII,H,H10,Conjunctivitis
VII,H,H11,Other disorders of conjunctiva
VII,H,H13,Disorders of conjunctiva in diseases classified elsewhere
VII,H,H15,Disorders of sclera
VII,H,H16,Keratitis
VII,H,H17,Corneal scars and opacities
VII,H,H18,Other disorders of cornea
VII,H,H19,Disorders of sclera and cornea in diseases classified elsewhere
VII,H,H20,Iridocyclitis
VII,H,H21,Other disorders of iris and ciliary body
VII,H,H22,Disorders of iris and ciliary body in diseases classified elsewhere
VII,H,H25,Senile cataract
VII,H,H26,Other cataract
VII,H,H27,Other disorders of lens
VII,H,H28,Cataract and other disorders of lens in diseases classified elsewhere
VII,H,H30,Chorioretinal inflammation
VII,H,H31,Other disorders of choroid
VII,H,H32,Chorioretinal disorders in diseases classified elsewhere
VII,H,H33,Retinal detachments and breaks
VII,H,H34,Retinal vascular occlusions
VII,H,H35,Other retinal disorders
VII,H,H36,Retinal disorders in diseases classified elsewhere
VII,H,H40,Glaucoma
VII,H,H42,Glaucoma in diseases classified elsewhere
VII,H,H43,Disorders of vitreous body
VII,H,H44,Disorders of globe
VII,H,H45,Disorders of vitreous body and globe in diseases classified elsewhere
VII,H,H46,Optic neuritis
VII,H,H47,Other disorders of optic [2nd] nerve and visual pathways
VII,H,H48,Disorders of optic [2nd] nerve and visual pathways in diseases classified elsewhere
VII,H,H49,Paralytic strabismus
VII,H,H50,Other strabismus
VII,H,H51,Other disorders of binocular movement
VII,H,H52,Disorders of refraction and accommodation
VII,H,H53,Visual disturbances
VII,H,H54,Visual impairment including blindness
VII,H,H55,Nystagmus and other irregular eye movements
VII,H,H57,Other disorders of eye and adnexa
VII,H,H58,Other disorders of eye and adnexa in diseases classified elsewhere
VII,H,H59,Postprocedural disorders of eye and adnexa, not elsewhere classified
VIII,H,H60,Otitis externa
VIII,H,H61,Other disorders of external ear
VIII,H,H62,Disorders of external ear in diseases classified elsewhere
VIII,H,H65,Nonsuppurative otitis media
VIII,H,H66,Suppurative and unspecified otitis media
VIII,H,H67,Otitis media in diseases classified elsewhere
VIII,H,H68,Eustachian salpingitis and obstruction
VIII,H,H69,Other disorders of Eustachian tube
VIII,H,H70,Mastoiditis and related conditions
VIII,H,H71,Cholesteatoma of middle ear
VIII,H,H72,Perforation of tympanic membrane
VIII,H,H73,Other disorders of tympanic membrane
VIII,H,H74,Other disorders of middle ear and mastoid
VIII,H,H75,Other disorders of middle ear and mastoid in diseases classified elsewhere
VIII,H,H80,Otosclerosis
VIII,H,H81,Disorders of vestibular function
VIII,H,H82,Vertiginous syndromes in diseases classified elsewhere
VIII,H,H83,Other diseases of inner ear
VIII,H,H90,Conductive and sensorineural hearing loss
VIII,H,H91,Other hearing loss
VIII,H,H92,Otalgia and effusion of ear
VIII,H,H93,Other disorders of ear, not elsewhere classified
VIII,H,H94,Other disorders of ear in diseases classified elsewhere
VIII,H,H95,Postprocedural disorders of ear and mastoid process, not elsewhere classified
IX,I,I00,Rheumatic fever without heart involvement
IX,I,I01,Rheumatic fever with heart involvement
IX,I,I02,Rheumatic chorea
IX,I,I05,Rheumatic mitral valve diseases
IX,I,I06,Rheumatic aortic valve diseases
IX,I,I07,Rheumatic tricuspid valve diseases
IX,I,I08,Multiple valve diseases
IX,I,I09,Other rheumatic heart diseases
IX,I,I10,Essential (primary) hypertension
IX,I,I11,Hypertensive heart disease
IX,I,I12,Hypertensive renal disease
IX,I,I13,Hypertensive heart and renal disease
IX,I,I15,Secondary hypertension
IX,I,I20,Angina pectoris
IX,I,I21,Acute myocardial infarction
IX,I,I22,Subsequent myocardial infarction
IX,I,I23,Certain current complications following acute myocardial infarction
IX,I,I24,Other acute ischemic heart diseases
IX,I,I25,Chronic ischemic heart disease
IX,I,I26,Pulmonary embolism
IX,I,I27,Other pulmonary heart diseases
IX,I,I28,Other diseases of pulmonary vessels
IX,I,I30,Acute pericarditis
IX,I,I31,Other diseases of pericardium
IX,I,I32,Pericarditis in diseases classified elsewhere
IX,I,I33,Acute and subacute endocarditis
IX,I,I34,Nonrheumatic mitral valve disorders
IX,I,I35,Nonrheumatic aortic valve disorders
IX,I,I36,Nonrheumatic tricuspid valve disorders
IX,I,I37,Nonrheumatic pulmonary valve disorders
IX,I,I38,Endocarditis, valve unspecified
IX,I,I39,Endocarditis and heart valve disorders in diseases classified elsewhere
IX,I,I40,Acute myocarditis
IX,I,I41,Myocarditis in diseases classified elsewhere
IX,I,I42,Cardiomyopathy
IX,I,I43,Cardiomyopathy in diseases classified elsewhere
IX,I,I44,Atrioventricular and left bundle-branch block
IX,I,I45,Other conduction disorders
IX,I,I46,Cardiac arrest
IX,I,I47,Paroxysmal tachycardia
IX,I,I48,Atrial fibrillation and flutter
IX,I,I49,Other cardiac arrhythmias
IX,I,I50,Heart failure
IX,I,I51,Complications and ill-defined descriptions of heart disease
IX,I,I52,Other heart disorders in diseases classified elsewhere
IX,I,I60,Subarachnoid hemorrhage
IX,I,I61,Intracerebral hemorrhage
IX,I,I62,Other nontraumatic intracranial hemorrhage
IX,I,I63,Cerebral infarction
IX,I,I64,Stroke, not specified as hemorrhage or infarction
IX,I,I65,Occlusion and stenosis of precerebral arteries, not resulting in cerebral infarction
IX,I,I66,Occlusion and stenosis of cerebral arteries, not resulting in cerebral infarction
IX,I,I67,Other cerebrovascular diseases
IX,I,I68,Cerebrovascular disorders in diseases classified elsewhere
IX,I,I69,Sequelae of cerebrovascular disease
IX,I,I70,Atherosclerosis
IX,I,I71,Aortic aneurysm and dissection
IX,I,I72,Other aneurysm
IX,I,I73,Other peripheral vascular diseases
IX,I,I74,Arterial embolism and thrombosis
IX,I,I77,Other disorders of arteries and arterioles
IX,I,I78,Diseases of capillaries
IX,I,I79,Disorders of arteries, arterioles and capillaries in diseases classified elsewhere
IX,I,I80,Phlebitis and thrombophlebitis
IX,I,I81,Portal vein thrombosis
IX,I,I82,Other venous embolism and thrombosis
IX,I,I83,Varicose veins of lower extremities
IX,I,I84,Hemorrhoids
IX,I,I85,Esophageal varices
IX,I,I86,Varicose veins of other sites
IX,I,I87,Other disorders of veins
IX,I,I88,Nonspecific lymphadenitis
IX,I,I89,Other noninfective disorders of lymphatic vessels and lymph nodes
IX,I,I95,Hypotension
IX,I,I97,Postprocedural disorders of circulatory system, not elsewhere classified
IX,I,I98,Other disorders of circulatory system in diseases classified elsewhere
IX,I,I99,Other and unspecified disorders of circulatory system
X,J,J00,Acute nasopharyngitis [common cold]
X,J,J01,Acute sinusitis
X,J,J02,Acute pharyngitis
X,J,J03,Acute tonsillitis
X,J,J04,Acute laryngitis and tracheitis
X,J,J05,Acute obstructive laryngitis [croup] and epiglottitis
X,J,J06,Acute upper respiratory infections of multiple and unspecified sites
X,J,J09,Influenza due to certain identified influenza viruses
X,J,J10,Influenza due to other identified influenza virus
X,J,J11,Influenza, virus not identified
X,J,J12,Viral pneumonia, not elsewhere classified
X,J,J13,Pneumonia due to Streptococcus pneumoniae
X,J,J14,Pneumonia due to Haemophilus influenzae
X,J,J15,Bacterial pneumonia, not elsewhere classified
X,J,J16,Pneumonia due to other infectious organisms, not elsewhere classified
X,J,J17,Pneumonia in diseases classified elsewhere
X,J,J18,Pneumonia, organism unspecified
X,J,J20,Acute bronchitis
X,J,J21,Acute bronchiolitis
X,J,J22,Unspecified acute lower respiratory infection
X,J,J30,Vasomotor and allergic rhinitis
X,J,J31,Chronic rhinitis, nasopharyngitis and pharyngitis
X,J,J32,Chronic sinusitis
X,J,J33,Nasal polyp
X,J,J34,Other disorders of nose and nasal sinuses
X,J,J35,Chronic diseases of tonsils and adenoids
X,J,J36,Peritonsillar abscess
X,J,J37,Chronic laryngitis and laryngotracheitis
X,J,J38,Diseases of vocal cords and larynx, not elsewhere classified
X,J,J39,Other diseases of upper respiratory tract
X,J,J40,Bronchitis, not specified as acute or chronic
X,J,J41,Simple and mucopurulent chronic bronchitis
X,J,J42,Unspecified chronic bronchitis
X,J,J43,Emphysema
X,J,J44,Other chronic obstructive pulmonary disease
X,J,J45,Asthma
X,J,J46,Status asthmaticus
X,J,J47,Bronchiectasis
X,J,J60,Coalworker's pneumoconiosis
X,J,J61,Pneumoconiosis due to asbestos and other mineral fibers
X,J,J62,Pneumoconiosis due to dust containing silica
X,J,J63,Pneumoconiosis due to other inorganic dusts
X,J,J64,Unspecified pneumoconiosis
X,J,J65,Pneumoconiosis associated with tuberculosis
X,J,J66,Airway disease due to specific organic dust
X,J,J67,Hypersensitivity pneumonitis due to organic dust
X,J,J68,Respiratory conditions due to inhalation of chemicals, gases, fumes and vapors
X,J,J69,Pneumonitis due to solids and liquids
X,J,J70,Respiratory conditions due to other external agents
X,J,J80,Adult respiratory distress syndrome
X,J,J81,Pulmonary edema
X,J,J82,Pulmonary eosinophilia, not elsewhere classified
X,J,J84,Other interstitial pulmonary diseases
X,J,J85,Abscess of lung and mediastinum
X,J,J86,Pyothorax
X,J,J90,Pleural effusion, not elsewhere classified
X,J,J91,Pleural effusion in conditions classified elsewhere
X,J,J92,Pleural plaque
X,J,J93,Pneumothorax
X,J,J94,Other pleural conditions
X,J,J95,Postprocedural respiratory disorders, not elsewhere classified
X,J,J96,Respiratory failure, not elsewhere classified
X,J,J98,Other respiratory disorders
X,J,J99,Respiratory disorders in diseases classified elsewhere
XI,K,K00,Disorders of tooth development and eruption
XI,K,K01,Embedded and impacted teeth
XI,K,K02,Dental caries
XI,K,K03,Other diseases of hard tissues of teeth
XI,K,K04,Diseases of pulp and periapical tissues
XI,K,K05,Gingivitis and periodontal diseases
XI,K,K06,Other disorders of gingiva and edentulous alveolar ridge
XI,K,K07,Dentofacial anomalies [including malocclusion]
XI,K,K08,Other disorders of teeth and supporting structures
XI,K,K09,Cysts of oral region, not elsewhere classified
XI,K,K10,Other diseases of jaws
XI,K,K11,Diseases of salivary glands
XI,K,K12,Stomatitis and related lesions
XI,K,K13,Other diseases of lip and oral mucosa
XI,K,K14,Diseases of tongue
XI,K,K20,Esophagitis
XI,K,K21,Gastro-esophageal reflux disease
XI,K,K22,Other diseases of esophagus
XI,K,K23,Disorders of esophagus in diseases classified elsewhere
XI,K,K25,Gastric ulcer
XI,K,K26,Duodenal ulcer
XI,K,K27,Peptic ulcer, site unspecified
XI,K,K28,Gastrojejunal ulcer
XI,K,K29,Gastritis and duodenitis
XI,K,K30,Functional dyspepsia
XI,K,K31,Other diseases of stomach and duodenum
XI,K,K35,Acute appendicitis
XI,K,K36,Other appendicitis
XI,K,K37,Unspecified appendicitis
XI,K,K38,Other diseases of appendix
XI,K,K40,Inguinal hernia
XI,K,K41,Femoral hernia
XI,K,K42,Umbilical hernia
XI,K,K43,Ventral hernia
XI,K,K44,Diaphragmatic hernia
XI,K,K45,Other abdominal hernia
XI,K,K46,Unspecified abdominal hernia
XI,K,K50,Crohn's disease [regional enteritis]
XI,K,K51,Ulcerative colitis
XI,K,K52,Other noninfective gastroenteritis and colitis
XI,K,K55,Vascular disorders of intestine
XI,K,K56,Paralytic ileus and intestinal obstruction without hernia
XI,K,K57,Diverticular disease of intestine
XI,K,K58,Irritable bowel syndrome
XI,K,K59,Other functional intestinal disorders
XI,K,K60,Fissure and fistula of anal and rectal regions
XI,K,K61,Abscess of anal and rectal regions
XI,K,K62,Other diseases of anus and rectum
XI,K,K63,Other diseases of intestine
XI,K,K65,Peritonitis
XI,K,K66,Other disorders of peritoneum
XI,K,K67,Disorders of peritoneum in infectious diseases classified elsewhere
XI,K,K70,Alcoholic liver disease
XI,K,K71,Toxic liver disease
XI,K,K72,Hepatic failure, not elsewhere classified
XI,K,K73,Chronic hepatitis, not elsewhere classified
XI,K,K74,Fibrosis and cirrhosis of liver
XI,K,K75,Other inflammatory liver diseases
XI,K,K76,Other diseases of liver
XI,K,K77,Liver disorders in diseases classified elsewhere
XI,K,K80,Cholelithiasis
XI,K,K81,Cholecystitis
XI,K,K82,Other diseases of gallbladder
XI,K,K83,Other diseases of biliary tract
XI,K,K85,Acute pancreatitis
XI,K,K86,Other diseases of pancreas
XI,K,K87,Disorders of gallbladder, biliary tract and pancreas in diseases classified elsewhere
XI,K,K90,Intestinal malabsorption
XI,K,K91,Postprocedural disorders of digestive system, not elsewhere classified
XI,K,K92,Other diseases of digestive system
XI,K,K93,Disorders of other digestive organs in diseases classified elsewhere
XII,L,L00,Staphylococcal scalded skin syndrome
XII,L,L01,Impetigo
XII,L,L02,Cutaneous abscess, furuncle and carbuncle
XII,L,L03,Cellulitis and acute lymphangitis
XII,L,L04,Acute lymphadenitis
XII,L,L05,Pilonidal cyst
XII,L,L08,Other local infections of skin and subcutaneous tissue
XII,L,L10,Pemphigus
XII,L,L11,Other acantholytic disorders
XII,L,L12,Pemphigoid
XII,L,L13,Other bullous disorders
XII,L,L14,Bullous disorders in diseases classified elsewhere
XII,L,L20,Atopic dermatitis
XII,L,L21,Seborrheic dermatitis
XII,L,L22,Diaper dermatitis
XII,L,L23,Allergic contact dermatitis
XII,L,L24,Irritant contact dermatitis
XII,L,L25,Unspecified contact dermatitis
XII,L,L26,Exfoliative dermatitis
XII,L,L27,Dermatitis due to substances taken internally
XII,L,L28,Lichen simplex chronicus and prurigo
XII,L,L29,Pruritus
XII,L,L30,Other dermatitis
XII,L,L40,Psoriasis
XII,L,L41,Parapsoriasis
XII,L,L42,Pityriasis rosea
XII,L,L43,Lichen planus
XII,L,L44,Other papulosquamous disorders
XII,L,L45,Papulosquamous disorders in diseases classified elsewhere
XII,L,L50,Urticaria
XII,L,L51,Erythema multiforme
XII,L,L52,Erythema nodosum
XII,L,L53,Other erythematous conditions
XII,L,L54,Erythema in diseases classified elsewhere
XII,L,L55,Sunburn
XII,L,L56,Other acute skin changes due to ultraviolet radiation
XII,L,L57,Skin changes due to chronic exposure to nonionizing radiation
XII,L,L58,Radiodermatitis
XII,L,L59,Other disorders of skin and subcutaneous tissue related to radiation
XII,L,L60,Nail disorders
XII,L,L62,Nail disorders in diseases classified elsewhere
XII,L,L63,Alopecia areata
XII,L,L64,Androgenic alopecia
XII,L,L65,Other nonscarring hair loss
XII,L,L66,Cicatricial alopecia [scarring hair loss]
XII,L,L67,Hair color and hair shaft abnormalities
XII,L,L68,Hypertrichosis
XII,L,L70,Acne
XII,L,L71,Rosacea
XII,L,L72,Follicular cysts of skin and subcutaneous tissue
XII,L,L73,Other follicular disorders
XII,L,L74,Eccrine sweat disorders
XII,L,L75,Apocrine sweat disorders
XII,L,L80,Vitiligo
XII,L,L81,Other disorders of pigmentation
XII,L,L82,Seborrheic keratosis
XII,L,L83,Acanthosis nigricans
XII,L,L84,Corns and callosities
XII,L,L85,Other epidermal thickening
XII,L,L86,Keratoderma in diseases classified elsewhere
XII,L,L87,Transepidermal elimination disorders
XII,L,L88,Pyoderma gangrenosum
XII,L,L89,Pressure ulcer
XII,L,L90,Atrophic disorders of skin
XII,L,L91,Hypertrophic disorders of skin
XII,L,L92,Granulomatous disorders of skin and subcutaneous tissue
XII,L,L93,Lupus erythematosus
XII,L,L94,Other localized connective tissue disorders
XII,L,L95,Vasculitis limited to skin, not elsewhere classified
XII,L,L97,Ulcer of lower limb, not elsewhere classified
XII,L,L98,Other disorders of skin and subcutaneous tissue, not elsewhere classified
XII,L,L99,Other disorders of skin and subcutaneous tissue in diseases classified elsewhere
XIII,M,M00,Pyogenic arthritis
XIII,M,M01,Direct infections of joint in infectious and parasitic diseases classified elsewhere
XIII,M,M02,Reactive arthropathies
XIII,M,M03,Postinfective and reactive arthropathies in diseases classified elsewhere
XIII,M,M04,Inflammatory polyarthropathies
XIII,M,M05,Seropositive rheumatoid arthritis
XIII,M,M06,Other rheumatoid arthritis
XIII,M,M07,Psoriatic and enteropathic arthropathies
XIII,M,M08,Juvenile arthritis
XIII,M,M09,Juvenile arthritis in diseases classified elsewhere
XIII,M,M10,Gout
XIII,M,M11,Other crystal arthropathies
XIII,M,M12,Other and unspecified arthropathies
XIII,M,M13,Other arthritis
XIII,M,M14,Arthropathies in other diseases classified elsewhere
XIII,M,M15,Polyarthrosis
XIII,M,M16,Coxarthrosis [arthrosis of hip]
XIII,M,M17,Gonarthrosis [arthrosis of knee]
XIII,M,M18,Arthrosis of first carpometacarpal joint
XIII,M,M19,Other arthrosis
XIII,M,M20,Acquired deformities of fingers and toes
XIII,M,M21,Other acquired deformities of limbs
XIII,M,M22,Disorders of patella
XIII,M,M23,Internal derangement of knee
XIII,M,M24,Other specific joint derangements
XIII,M,M25,Other joint disorders, not elsewhere classified
XIII,M,M30,Polyarteritis nodosa and related conditions
XIII,M,M31,Other necrotizing vasculopathies
XIII,M,M32,Systemic lupus erythematosus
XIII,M,M33,Dermatopolymyositis
XIII,M,M34,Systemic sclerosis
XIII,M,M35,Other systemic involvement of connective tissue
XIII,M,M36,Systemic disorders of connective tissue in diseases classified elsewhere
XIII,M,M40,Kyphosis and lordosis
XIII,M,M41,Scoliosis
XIII,M,M42,Spinal osteochondrosis
XIII,M,M43,Other deforming dorsopathies
XIII,M,M45,Ankylosing spondylitis
XIII,M,M46,Other inflammatory spondylopathies
XIII,M,M47,Spondylosis
XIII,M,M48,Other spondylopathies
XIII,M,M49,Spondylopathies in diseases classified elsewhere
XIII,M,M50,Cervical disc disorders
XIII,M,M51,Other intervertebral disc disorders
XIII,M,M53,Other dorsopathies, not elsewhere classified
XIII,M,M54,Dorsalgia
XIII,M,M60,Myositis
XIII,M,M61,Calcification and ossification of muscle
XIII,M,M62,Other disorders of muscle
XIII,M,M63,Disorders of muscle in diseases classified elsewhere
XIII,M,M65,Synovitis and tenosynovitis
XIII,M,M66,Spontaneous rupture of synovium and tendon
XIII,M,M67,Other disorders of synovium and tendon
XIII,M,M68,Disorders of synovium and tendon in diseases classified elsewhere
XIII,M,M70,Soft tissue disorders related to use, overuse and pressure
XIII,M,M71,Other bursopathies
XIII,M,M72,Fibroblastic disorders
XIII,M,M73,Soft tissue disorders in diseases classified elsewhere
XIII,M,M75,Shoulder lesions
XIII,M,M76,Enthesopathies of lower limb, excluding foot
XIII,M,M77,Other enthesopathies
XIII,M,M79,Other soft tissue disorders, not elsewhere classified
XIII,M,M80,Osteoporosis with pathological fracture
XIII,M,M81,Osteoporosis without pathological fracture
XIII,M,M82,Osteoporosis in diseases classified elsewhere
XIII,M,M83,Adult osteomalacia
XIII,M,M84,Disorders of continuity of bone
XIII,M,M85,Other disorders of bone density and structure
XIII,M,M86,Osteomyelitis
XIII,M,M87,Osteonecrosis
XIII,M,M88,Paget's disease of bone [osteitis deformans]
XIII,M,M89,Other disorders of bone
XIII,M,M90,Osteopathies in diseases classified elsewhere
XIII,M,M91,Osteochondrosis of hip and pelvis
XIII,M,M92,Other juvenile osteochondrosis
XIII,M,M93,Other osteochondropathies
XIII,M,M94,Other disorders of cartilage
XIII,M,M95,Other acquired deformities of musculoskeletal system and connective tissue
XIII,M,M96,Postprocedural musculoskeletal disorders, not elsewhere classified
XIII,M,M99,Biomechanical lesions, not elsewhere classified
XIV,N,N00,Acute nephritic syndrome
XIV,N,N01,Rapidly progressive nephritic syndrome
XIV,N,N02,Recurrent and persistent hematuria
XIV,N,N03,Chronic nephritic syndrome
XIV,N,N04,Nephrotic syndrome
XIV,N,N05,Unspecified nephritic syndrome
XIV,N,N06,Isolated proteinuria with specified morphological lesion
XIV,N,N07,Hereditary nephropathy, not elsewhere classified
XIV,N,N08,Glomerular disorders in diseases classified elsewhere
XIV,N,N10,Acute tubulo-interstitial nephritis
XIV,N,N11,Chronic tubulo-interstitial nephritis
XIV,N,N12,Tubulo-interstitial nephritis, not specified as acute or chronic
XIV,N,N13,Obstructive and reflux uropathy
XIV,N,N14,Drug- and heavy-metal-induced tubulo-interstitial and tubular conditions
XIV,N,N15,Other renal tubulo-interstitial diseases
XIV,N,N16,Renal tubulo-interstitial disorders in diseases classified elsewhere
XIV,N,N17,Acute renal failure
XIV,N,N18,Chronic kidney disease
XIV,N,N19,Unspecified kidney failure
XIV,N,N20,Calculus of kidney and ureter
XIV,N,N21,Calculus of lower urinary tract
XIV,N,N22,Calculus of urinary tract in diseases classified elsewhere
XIV,N,N23,Unspecified renal colic
XIV,N,N25,Disorders resulting from impaired renal tubular function
XIV,N,N26,Unspecified contracted kidney
XIV,N,N27,Small kidney of unknown cause
XIV,N,N28,Other disorders of kidney and ureter, not elsewhere classified
XIV,N,N29,Other disorders of kidney and ureter in diseases classified elsewhere
XIV,N,N30,Cystitis
XIV,N,N31,Neuromuscular dysfunction of bladder, not elsewhere classified
XIV,N,N32,Other disorders of bladder
XIV,N,N33,Bladder disorders in diseases classified elsewhere
XIV,N,N34,Urethritis and urethral syndrome
XIV,N,N35,Urethral stricture
XIV,N,N36,Other disorders of urethra
XIV,N,N37,Urethral disorders in diseases classified elsewhere
XIV,N,N39,Other disorders of urinary system
XIV,N,N40,Hyperplasia of prostate
XIV,N,N41,Inflammatory diseases of prostate
XIV,N,N42,Other disorders of prostate
XIV,N,N43,Hydrocele and spermatocele
XIV,N,N44,Torsion of testis
XIV,N,N45,Orchitis and epididymitis
XIV,N,N46,Male infertility
XIV,N,N47,Redundant prepuce, phimosis and paraphimosis
XIV,N,N48,Other disorders of penis
XIV,N,N49,Inflammatory disorders of male genital organs, not elsewhere classified
XIV,N,N50,Other disorders of male genital organs
XIV,N,N51,Disorders of male genital organs in diseases classified elsewhere
XIV,N,N60,Benign mammary dysplasia
XIV,N,N61,Inflammatory disorders of breast
XIV,N,N62,Hypertrophy of breast
XIV,N,N63,Unspecified lump in breast
XIV,N,N64,Other disorders of breast
XIV,N,N70,Salpingitis and oophoritis
XIV,N,N71,Inflammatory disease of uterus, except cervix
XIV,N,N72,Inflammatory disease of cervix uteri
XIV,N,N73,Other female pelvic inflammatory diseases
XIV,N,N74,Female pelvic inflammatory disorders in diseases classified elsewhere
XIV,N,N75,Diseases of Bartholin's gland
XIV,N,N76,Other inflammation of vagina and vulva
XIV,N,N77,Vulvovaginal ulceration and inflammation in diseases classified elsewhere
XIV,N,N80,Endometriosis
XIV,N,N81,Female genital prolapse
XIV,N,N82,Fistulae involving female genital tract
XIV,N,N83,Noninflammatory disorders of ovary, fallopian tube and broad ligament
XIV,N,N84,Polyp of female genital tract
XIV,N,N85,Other noninflammatory disorders of uterus, except cervix
XIV,N,N86,Erosion and ectropion of cervix uteri
XIV,N,N87,Dysplasia of cervix uteri
XIV,N,N88,Other noninflammatory disorders of cervix uteri
XIV,N,N89,Other noninflammatory disorders of vagina
XIV,N,N90,Other noninflammatory disorders of vulva and perineum
XIV,N,N91,Absent, scanty and rare menstruation
XIV,N,N92,Excessive, frequent and irregular menstruation
XIV,N,N93,Other abnormal uterine and vaginal bleeding
XIV,N,N94,Pain and other conditions associated with female genital organs and menstrual cycle
XIV,N,N95,Menopausal and other perimenopausal disorders
XIV,N,N96,Habitual aborter
XIV,N,N97,Female infertility
XIV,N,N98,Complications associated with artificial fertilization
XIV,N,N99,Postprocedural disorders of genitourinary system, not elsewhere classified
XV,O,O00,Ectopic pregnancy
XV,O,O01,Hydatidiform mole
XV,O,O02,Other abnormal products of conception
XV,O,O03,Spontaneous abortion
XV,O,O04,Medical abortion
XV,O,O05,Other abortion
XV,O,O06,Unspecified abortion
XV,O,O07,Failed attempted abortion
XV,O,O08,Complications following abortion and ectopic and molar pregnancy
XV,O,O10,Pre-existing hypertension complicating pregnancy, childbirth and the puerperium
XV,O,O11,Pre-existing hypertensive disorder with superimposed proteinuria
XV,O,O12,Gestational edema and proteinuria without hypertension
XV,O,O13,Gestational hypertension without significant proteinuria
XV,O,O14,Pre-eclampsia
XV,O,O15,Eclampsia
XV,O,O16,Unspecified maternal hypertension
XV,O,O20,Haemorrhage in early pregnancy
XV,O,O21,Excessive vomiting in pregnancy
XV,O,O22,Venous complications in pregnancy
XV,O,O23,Infections of genitourinary tract in pregnancy
XV,O,O24,Diabetes mellitus in pregnancy
XV,O,O25,Malnutrition in pregnancy
XV,O,O26,Maternal care for other conditions predominantly related to pregnancy
XV,O,O28,Abnormal findings on antenatal screening of mother
XV,O,O29,Complications of anaesthesia during pregnancy
XV,O,O30,Multiple gestation
XV,O,O31,Complications specific to multiple gestation
XV,O,O32,Maternal care for known or suspected malpresentation of fetus
XV,O,O33,Maternal care for known or suspected disproportion
XV,O,O34,Maternal care for known or suspected abnormality of pelvic organs
XV,O,O35,Maternal care for known or suspected fetal abnormality and damage
XV,O,O36,Maternal care for other known or suspected fetal problems
XV,O,O40,Polyhydramnios
XV,O,O41,Other disorders of amniotic fluid and membranes
XV,O,O42,Premature rupture of membranes
XV,O,O43,Placental disorders
XV,O,O44,Placenta praevia
XV,O,O45,Premature separation of placenta [abruptio placentae]
XV,O,O46,Antepartum haemorrhage, not elsewhere classified
XV,O,O47,False labour
XV,O,O48,Prolonged pregnancy
XV,O,O60,Preterm labour
XV,O,O61,Failed induction of labour
XV,O,O62,Abnormalities of forces of labour
XV,O,O63,Long labour
XV,O,O64,Obstructed labour due to malposition and malpresentation of fetus
XV,O,O65,Obstructed labour due to maternal pelvic abnormality
XV,O,O66,Other obstructed labour
XV,O,O67,Labour and delivery complicated by intrapartum haemorrhage, not elsewhere classified
XV,O,O68,Labour and delivery complicated by fetal stress [distress]
XV,O,O69,Labour and delivery complicated by umbilical cord complications
XV,O,O70,Perineal laceration during delivery
XV,O,O71,Other obstetric trauma
XV,O,O72,Postpartum haemorrhage
XV,O,O73,Retained placenta and membranes, without haemorrhage
XV,O,O74,Complications of anaesthesia during labour and delivery
XV,O,O75,Other complications of labour and delivery, not elsewhere classified
XV,O,O80,Single spontaneous delivery
XV,O,O81,Delivery by forceps and vacuum extractor
XV,O,O82,Delivery by caesarean section
XV,O,O83,Other assisted single delivery
XV,O,O84,Multiple delivery
XV,O,O85,Puerperal sepsis
XV,O,O86,Other puerperal infections
XV,O,O87,Venous complications in the puerperium
XV,O,O88,Obstetric embolism
XV,O,O89,Complications of anaesthesia during the puerperium
XV,O,O90,Complications of the puerperium, not elsewhere classified
XV,O,O91,Infections of breast associated with childbirth
XV,O,O92,Other disorders of breast and lactation associated with childbirth
XV,O,O94,Sequelae of complication of pregnancy, childbirth and the puerperium
XV,O,O95,Obstetric death of unspecified cause
XV,O,O96,Death from any obstetric cause occurring more than 42 days but less than one year after delivery
XV,O,O97,Death from sequelae of direct obstetric causes
XV,O,O98,Maternal infectious and parasitic diseases classifiable elsewhere but complicating pregnancy, childbirth and the puerperium
XV,O,O99,Other maternal diseases classifiable elsewhere but complicating pregnancy, childbirth and the puerperium
XVI,P,P00,Fetus and newborn affected by maternal conditions that may be unrelated to present pregnancy
XVI,P,P01,Fetus and newborn affected by maternal complications of pregnancy
XVI,P,P02,Fetus and newborn affected by complications of placenta, cord and membranes
XVI,P,P03,Fetus and newborn affected by other complications of labour and delivery
XVI,P,P04,Fetus and newborn affected by noxious influences transmitted via placenta or breast milk
XVI,P,P05,Slow fetal growth and fetal malnutrition
XVI,P,P06,Disorders related to short gestation and low birth weight, not elsewhere classified
XVI,P,P07,Disorders related to long gestation and high birth weight
XVI,P,P08,Disorders related to slow fetal growth and fetal malnutrition
XVI,P,P10,Intracranial laceration and haemorrhage due to birth injury
XVI,P,P11,Other birth injuries to central nervous system
XVI,P,P12,Birth injury to scalp
XVI,P,P13,Birth injury to skeleton
XVI,P,P14,Birth injury to peripheral nervous system
XVI,P,P15,Other birth injuries
XVI,P,P20,Intrauterine hypoxia
XVI,P,P21,Birth asphyxia
XVI,P,P22,Respiratory distress of newborn
XVI,P,P23,Congenital pneumonia
XVI,P,P24,Neonatal aspiration syndromes
XVI,P,P25,Interstitial emphysema and related conditions originating in the perinatal period
XVI,P,P26,Pulmonary haemorrhage originating in the perinatal period
XVI,P,P27,Chronic respiratory disease originating in the perinatal period
XVI,P,P28,Other respiratory conditions originating in the perinatal period
XVI,P,P29,Cardiovascular disorders originating in the perinatal period
XVI,P,P35,Congenital viral diseases
XVI,P,P36,Bacterial sepsis of newborn
XVI,P,P37,Other congenital infectious and parasitic diseases
XVI,P,P38,Omphalitis of newborn with or without mild haemorrhage
XVI,P,P39,Other infections specific to the perinatal period
XVI,P,P50,Fetal blood loss
XVI,P,P51,Umbilical haemorrhage of newborn
XVI,P,P52,Intracranial nontraumatic haemorrhage of fetus and newborn
XVI,P,P53,Haemorrhagic disease of fetus and newborn
XVI,P,P54,Other neonatal haemorrhages
XVI,P,P55,Haemolytic disease of fetus and newborn
XVI,P,P56,Hydrops fetalis due to haemolytic disease
XVI,P,P57,Kernicterus
XVI,P,P58,Neonatal jaundice due to other excessive haemolysis
XVI,P,P59,Neonatal jaundice from other and unspecified causes
XVI,P,P60,Disseminated intravascular coagulation of fetus and newborn
XVI,P,P61,Other perinatal haematological disorders
XVI,P,P70,Transitory disorders of carbohydrate metabolism specific to fetus and newborn
XVI,P,P71,Transitory disorders of calcium and magnesium metabolism of newborn
XVI,P,P72,Other transitory neonatal endocrine disorders
XVI,P,P74,Other transitory neonatal electrolyte and metabolic disturbances
XVI,P,P75,Meconium ileus
XVI,P,P76,Other intestinal obstruction of newborn
XVI,P,P77,Necrotizing enterocolitis of fetus and newborn
XVI,P,P78,Other perinatal digestive system disorders
XVI,P,P80,Hypothermia of newborn
XVI,P,P81,Other disturbances of temperature regulation of newborn
XVI,P,P83,Other conditions of integument specific to fetus and newborn
XVI,P,P84,Other problems with newborn
XVI,P,P90,Convulsions of newborn
XVI,P,P91,Other disturbances of cerebral status of newborn
XVI,P,P92,Feeding problems of newborn
XVI,P,P93,Reactions and intoxications due to drugs administered to fetus and newborn
XVI,P,P94,Disorders of muscle tone of newborn
XVI,P,P95,Fetal death of unspecified cause
XVI,P,P96,Other conditions originating in the perinatal period
XVII,Q,Q00,Anencephaly and similar malformations
XVII,Q,Q01,Encephalocele
XVII,Q,Q02,Microcephaly
XVII,Q,Q03,Congenital hydrocephalus
XVII,Q,Q04,Other congenital malformations of brain
XVII,Q,Q05,Spina bifida
XVII,Q,Q06,Other congenital malformations of spinal cord
XVII,Q,Q07,Other congenital malformations of nervous system
XVII,Q,Q10,Congenital malformations of eyelid, lacrimal apparatus and orbit
XVII,Q,Q11,Anophthalmos, microphthalmos and macrophthalmos
XVII,Q,Q12,Congenital lens malformations
XVII,Q,Q13,Congenital malformations of anterior segment of eye
XVII,Q,Q14,Congenital malformations of posterior segment of eye
XVII,Q,Q15,Other congenital malformations of eye
XVII,Q,Q16,Congenital malformations of ear causing impairment of hearing
XVII,Q,Q17,Other congenital malformations of ear
XVII,Q,Q18,Other congenital malformations of face and neck
XVII,Q,Q20,Congenital malformations of cardiac chambers and connections
XVII,Q,Q21,Congenital malformations of cardiac septa
XVII,Q,Q22,Congenital malformations of pulmonary and tricuspid valves
XVII,Q,Q23,Congenital malformations of aortic and mitral valves
XVII,Q,Q24,Other congenital malformations of heart
XVII,Q,Q25,Congenital malformations of great arteries
XVII,Q,Q26,Congenital malformations of great veins
XVII,Q,Q27,Other congenital malformations of peripheral vascular system
XVII,Q,Q28,Other congenital malformations of circulatory system
XVII,Q,Q30,Congenital malformations of nose
XVII,Q,Q31,Congenital malformations of larynx
XVII,Q,Q32,Congenital malformations of trachea and bronchus
XVII,Q,Q33,Congenital malformations of lung
XVII,Q,Q34,Other congenital malformations of respiratory system
XVII,Q,Q35,Cleft palate
XVII,Q,Q36,Cleft lip
XVII,Q,Q37,Cleft palate with cleft lip
XVII,Q,Q38,Other congenital malformations of tongue, mouth and pharynx
XVII,Q,Q39,Congenital malformations of esophagus
XVII,Q,Q40,Other congenital malformations of upper alimentary tract
XVII,Q,Q41,Congenital absence, atresia and stenosis of small intestine
XVII,Q,Q42,Congenital absence, atresia and stenosis of large intestine
XVII,Q,Q43,Other congenital malformations of intestine
XVII,Q,Q44,Congenital malformations of gallbladder, bile ducts and liver
XVII,Q,Q45,Other congenital malformations of digestive system
XVII,Q,Q50,Congenital malformations of ovaries, fallopian tubes and broad ligaments
XVII,Q,Q51,Congenital malformations of uterus and cervix
XVII,Q,Q52,Other congenital malformations of female genitalia
XVII,Q,Q53,Undescended testicle
XVII,Q,Q54,Hypospadias
XVII,Q,Q55,Other congenital malformations of male genital organs
XVII,Q,Q56,Indeterminate sex and pseudohermaphroditism
XVII,Q,Q60,Renal agenesis and other reduction defects of kidney
XVII,Q,Q61,Cystic kidney disease
XVII,Q,Q62,Congenital obstructive defects of renal pelvis and congenital malformations of ureter
XVII,Q,Q63,Other congenital malformations of kidney
XVII,Q,Q64,Other congenital malformations of urinary system
XVII,Q,Q65,Congenital deformities of hip
XVII,Q,Q66,Congenital deformities of feet
XVII,Q,Q67,Congenital musculoskeletal deformities of head, face, spine and chest
XVII,Q,Q68,Other congenital musculoskeletal deformities
XVII,Q,Q69,Polydactyly
XVII,Q,Q70,Syndactyly
XVII,Q,Q71,Reduction defects of upper limb
XVII,Q,Q72,Reduction defects of lower limb
XVII,Q,Q73,Reduction defects of unspecified limb
XVII,Q,Q74,Other congenital malformations of limb(s)
XVII,Q,Q75,Other congenital malformations of skull and face bones
XVII,Q,Q76,Congenital malformations of spine and bony thorax
XVII,Q,Q77,Osteochondrodysplasia with defects of growth of tubular bones and spine
XVII,Q,Q78,Other osteochondrodysplasias
XVII,Q,Q79,Congenital malformations of musculoskeletal system, not elsewhere classified
XVII,Q,Q80,Congenital ichthyosis
XVII,Q,Q81,Epidermolysis bullosa
XVII,Q,Q82,Other congenital malformations of skin
XVII,Q,Q83,Congenital malformations of breast
XVII,Q,Q84,Other congenital malformations of integument
XVII,Q,Q85,Phakomatoses, not elsewhere classified
XVII,Q,Q86,Congenital malformation syndromes due to known exogenous causes, not elsewhere classified
XVII,Q,Q87,Other specified congenital malformation syndromes affecting multiple systems
XVII,Q,Q89,Other congenital malformations, not elsewhere classified
XVIII,R,R00,Abnormalities of heart beat
XVIII,R,R01,Cardiac murmurs and other cardiac sounds
XVIII,R,R02,Gangrene, not elsewhere classified
XVIII,R,R03,Abnormal blood-pressure reading, without diagnosis
XVIII,R,R04,Haemorrhage from respiratory passages
XVIII,R,R05,Cough
XVIII,R,R06,Abnormalities of breathing
XVIII,R,R07,Pain in throat and chest
XVIII,R,R09,Other symptoms and signs involving the circulatory and respiratory systems
XVIII,R,R10,Abdominal and pelvic pain
XVIII,R,R11,Nausea and vomiting
XVIII,R,R12,Heartburn
XVIII,R,R13,Dysphagia
XVIII,R,R14,Flatulence and related conditions
XVIII,R,R15,Faecal incontinence
XVIII,R,R16,Hepatomegaly and splenomegaly, not elsewhere classified
XVIII,R,R17,Unspecified jaundice
XVIII,R,R18,Ascites
XVIII,R,R19,Other symptoms and signs involving the digestive system and abdomen
XVIII,R,R20,Disturbances of skin sensation
XVIII,R,R21,Rash and other nonspecific skin eruption
XVIII,R,R22,Localized swelling, mass and lump of skin and subcutaneous tissue
XVIII,R,R23,Other skin changes
XVIII,R,R25,Abnormal involuntary movements
XVIII,R,R26,Abnormalities of gait and mobility
XVIII,R,R27,Other lack of coordination
XVIII,R,R29,Other symptoms and signs involving the nervous and musculoskeletal systems
XVIII,R,R30,Pain associated with micturition
XVIII,R,R31,Unspecified haematuria
XVIII,R,R32,Unspecified urinary incontinence
XVIII,R,R33,Retention of urine
XVIII,R,R34,Anuria and oliguria
XVIII,R,R35,Polyuria
XVIII,R,R36,Urethral discharge
XVIII,R,R39,Other symptoms and signs involving the urinary system
XVIII,R,R40,Somnolence, stupor and coma
XVIII,R,R41,Other symptoms and signs involving cognitive functions and awareness
XVIII,R,R42,Dizziness and giddiness
XVIII,R,R43,Disturbances of smell and taste
XVIII,R,R44,Other symptoms and signs involving general sensations and perceptions
XVIII,R,R45,Symptoms and signs involving emotional state
XVIII,R,R46,Symptoms and signs involving appearance and behaviour
XVIII,R,R47,Speech disturbances, not elsewhere classified
XVIII,R,R48,Dyslexia and other symbolic dysfunctions, not elsewhere classified
XVIII,R,R49,Voice disturbances
XVIII,R,R50,Fever of other and unknown origin
XVIII,R,R51,Headache
XVIII,R,R52,Pain, not elsewhere classified
XVIII,R,R53,Malaise and fatigue
XVIII,R,R54,Senility
XVIII,R,R55,Syncope and collapse
XVIII,R,R56,Convulsions, not elsewhere classified
XVIII,R,R57,Shock, not elsewhere classified
XVIII,R,R58,Hemorrhage, not elsewhere classified
XVIII,R,R59,Enlarged lymph nodes
XVIII,R,R60,Oedema, not elsewhere classified
XVIII,R,R61,Hyperhidrosis
XVIII,R,R62,Lack of expected normal physiological development
XVIII,R,R63,Symptoms and signs concerning food and fluid intake
XVIII,R,R64,Cachexia
XVIII,R,R68,Other general symptoms and signs
XVIII,R,R69,Unknown and unspecified causes of morbidity
XVIII,R,R70,Elevated erythrocyte sedimentation rate and abnormality of plasma viscosity
XVIII,R,R71,Abnormality of red blood cells
XVIII,R,R72,Abnormality of white blood cells, not elsewhere classified
XVIII,R,R73,Elevated blood glucose level
XVIII,R,R74,Abnormal serum enzyme levels
XVIII,R,R75,Laboratory evidence of human immunodeficiency virus [HIV]
XVIII,R,R76,Other abnormal immunological findings in serum
XVIII,R,R77,Other abnormalities of plasma proteins
XVIII,R,R78,Findings of drugs and other substances, not normally found in blood
XVIII,R,R79,Other abnormal findings of blood chemistry
XVIII,R,R80,Proteinuria
XVIII,R,R81,Glycosuria
XVIII,R,R82,Other abnormal findings in urine
XVIII,R,R83,Abnormal findings in cerebrospinal fluid
XVIII,R,R84,Abnormal findings in specimens from respiratory organs and thorax
XVIII,R,R85,Abnormal findings in specimens from digestive organs and abdominal cavity
XVIII,R,R86,Abnormal findings in specimens from male genital organs
XVIII,R,R87,Abnormal findings in specimens from female genital organs
XVIII,R,R89,Abnormal findings in specimens from other organs, systems and tissues
XVIII,R,R90,Abnormal findings on diagnostic imaging of central nervous system
XVIII,R,R91,Abnormal findings on diagnostic imaging of lung
XVIII,R,R92,Abnormal findings on diagnostic imaging of breast
XVIII,R,R93,Abnormal findings on diagnostic imaging of other body structures
XVIII,R,R94,Abnormal results of function studies
XVIII,R,R97,Abnormal tumor markers
XVIII,R,R99,Other ill-defined and unspecified causes of mortality
XIX,S,S00,Superficial injury of head
XIX,S,S01,Open wound of head
XIX,S,S02,Fracture of skull and facial bones
XIX,S,S03,Dislocation, sprain and strain of joints and ligaments of head
XIX,S,S04,Injury of cranial nerves
XIX,S,S05,Injury of eye and orbit
XIX,S,S06,Intracranial injury
XIX,S,S07,Crushing injury of head
XIX,S,S08,Traumatic amputation of part of head
XIX,S,S09,Other and unspecified injuries of head
XIX,S,S10,Superficial injury of neck
XIX,S,S11,Open wound of neck
XIX,S,S12,Fracture of neck
XIX,S,S13,Dislocation, sprain and strain of joints and ligaments at neck level
XIX,S,S14,Injury of nerves and spinal cord at neck level
XIX,S,S15,Injury of blood vessels at neck level
XIX,S,S16,Injury of muscle and tendon at neck level
XIX,S,S17,Crushing injury of neck
XIX,S,S18,Traumatic amputation at neck level
XIX,S,S19,Other and unspecified injuries of neck
XIX,S,S20,Superficial injury of thorax
XIX,S,S21,Open wound of thorax
XIX,S,S22,Fracture of rib(s), sternum and thoracic spine
XIX,S,S23,Dislocation, sprain and strain of joints and ligaments of thorax
XIX,S,S24,Injury of nerves and spinal cord at thorax level
XIX,S,S25,Injury of blood vessels of thorax
XIX,S,S26,Injury of heart
XIX,S,S27,Injury of other and unspecified intrathoracic organs
XIX,S,S28,Crushing injury of thorax and traumatic amputation of part of thorax
XIX,S,S29,Other and unspecified injuries of thorax
XIX,S,S30,Superficial injury of abdomen, lower back, pelvis and external genitals
XIX,S,S31,Open wound of abdomen, lower back, pelvis and external genitals
XIX,S,S32,Fracture of lumbar spine and pelvis
XIX,S,S33,Dislocation, sprain and strain of joints and ligaments of lumbar spine and pelvis
XIX,S,S34,Injury of nerves and lumbar spinal cord at abdomen, lower back and pelvis level
XIX,S,S35,Injury of blood vessels at abdomen, lower back and pelvis level
XIX,S,S36,Injury of intra-abdominal organs
XIX,S,S37,Injury of urinary and pelvic organs
XIX,S,S38,Crushing injury and traumatic amputation of abdomen, lower back and pelvis
XIX,S,S39,Other and unspecified injuries of abdomen, lower back and pelvis
XIX,S,S40,Superficial injury of shoulder and upper arm
XIX,S,S41,Open wound of shoulder and upper arm
XIX,S,S42,Fracture of shoulder and upper arm
XIX,S,S43,Dislocation, sprain and strain of joints and ligaments of shoulder girdle
XIX,S,S44,Injury of nerves at shoulder and upper arm level
XIX,S,S45,Injury of blood vessels at shoulder and upper arm level
XIX,S,S46,Injury of muscle and tendon at shoulder and upper arm level
XIX,S,S47,Crushing injury of shoulder and upper arm
XIX,S,S48,Traumatic amputation of shoulder and upper arm
XIX,S,S49,Other and unspecified injuries of shoulder and upper arm
XIX,S,S50,Superficial injury of forearm
XIX,S,S51,Open wound of forearm
XIX,S,S52,Fracture of forearm
XIX,S,S53,Dislocation, sprain and strain of joints and ligaments of elbow
XIX,S,S54,Injury of nerves at forearm level
XIX,S,S55,Injury of blood vessels at forearm level
XIX,S,S56,Injury of muscle and tendon at forearm level
XIX,S,S57,Crushing injury of forearm
XIX,S,S58,Traumatic amputation of forearm
XIX,S,S59,Other and unspecified injuries of forearm
XIX,S,S60,Superficial injury of wrist and hand
XIX,S,S61,Open wound of wrist and hand
XIX,S,S62,Fracture at wrist and hand level
XIX,S,S63,Dislocation, sprain and strain of joints and ligaments at wrist and hand level
XIX,S,S64,Injury of nerves at wrist and hand level
XIX,S,S65,Injury of blood vessels at wrist and hand level
XIX,S,S66,Injury of muscle and tendon at wrist and hand level
XIX,S,S67,Crushing injury of wrist and hand
XIX,S,S68,Traumatic amputation of wrist and hand
XIX,S,S69,Other and unspecified injuries of wrist and hand
XIX,S,S70,Superficial injury of hip and thigh
XIX,S,S71,Open wound of hip and thigh
XIX,S,S72,Fracture of femur
XIX,S,S73,Dislocation, sprain and strain of joint and ligaments of hip
XIX,S,S74,Injury of nerves at hip and thigh level
XIX,S,S75,Injury of blood vessels at hip and thigh level
XIX,S,S76,Injury of muscle and tendon at hip and thigh level
XIX,S,S77,Crushing injury of hip and thigh
XIX,S,S78,Traumatic amputation of hip and thigh
XIX,S,S79,Other and unspecified injuries of hip and thigh
XIX,S,S80,Superficial injury of lower leg
XIX,S,S81,Open wound of lower leg
XIX,S,S82,Fracture of lower leg, including ankle
XIX,S,S83,Dislocation, sprain and strain of joints and ligaments of knee
XIX,S,S84,Injury of nerves at lower leg level
XIX,S,S85,Injury of blood vessels at lower leg level
XIX,S,S86,Injury of muscle and tendon at lower leg level
XIX,S,S87,Crushing injury of lower leg
XIX,S,S88,Traumatic amputation of lower leg
XIX,S,S89,Other and unspecified injuries of lower leg
XIX,S,S90,Superficial injury of ankle and foot
XIX,S,S91,Open wound of ankle and foot
XIX,S,S92,Fracture of foot, except ankle
XIX,S,S93,Dislocation, sprain and strain of joints and ligaments at ankle and foot level
XIX,S,S94,Injury of nerves at ankle and foot level
XIX,S,S95,Injury of blood vessels at ankle and foot level
XIX,S,S96,Injury of muscle and tendon at ankle and foot level
XIX,S,S97,Crushing injury of ankle and foot
XIX,S,S98,Traumatic amputation of ankle and foot
XIX,S,S99,Other and unspecified injuries of ankle and foot
XX,T,T00,Superficial injuries involving multiple body regions
XX,T,T01,Open wounds involving multiple body regions
XX,T,T02,Fractures involving multiple body regions
XX,T,T03,Dislocations, sprains and strains involving multiple body regions
XX,T,T04,Crushing injuries involving multiple body regions
XX,T,T05,Traumatic amputations involving multiple body regions
XX,T,T06,Other injuries involving multiple body regions, not elsewhere classified
XX,T,T07,Unspecified multiple injuries
XX,T,T08,Fracture of spine, level unspecified
XX,T,T09,Other injuries of spine and trunk, level unspecified
XX,T,T10,Fracture of upper limb, level unspecified
XX,T,T11,Other injuries of upper limb, level unspecified
XX,T,T12,Fracture of lower limb, level unspecified
XX,T,T13,Other injuries of lower limb, level unspecified
XX,T,T14,Injury of unspecified body region
XX,T,T15,Foreign body
XX,T,T16,Foreign body in ear
XX,T,T17,Foreign body in respiratory tract
XX,T,T18,Foreign body in alimentary tract
XX,T,T19,Foreign body in genitourinary tract
XX,T,T20,Burn and corrosion of head and neck
XX,T,T21,Burn and corrosion of trunk
XX,T,T22,Burn and corrosion of shoulder and upper limb, except wrist and hand
XX,T,T23,Burn and corrosion of wrist and hand
XX,T,T24,Burn and corrosion of hip and lower limb, except ankle and foot
XX,T,T25,Burn and corrosion of ankle and foot
XX,T,T26,Burn and corrosion confined to eye and adnexa
XX,T,T27,Burn and corrosion of respiratory tract
XX,T,T28,Burn and corrosion of other internal organs
XX,T,T29,Burns and corrosions of multiple body regions
XX,T,T30,Burn and corrosion, body region unspecified
XX,T,T31,Burns classified according to extent of body surface involved
XX,T,T32,Corrosions classified according to extent of body surface involved
XX,T,T33,Superficial frostbite
XX,T,T34,Frostbite with tissue necrosis
XX,T,T35,Frostbite involving multiple body regions and unspecified frostbite
XX,T,T36,Poisoning by systemic antibiotics
XX,T,T37,Poisoning by other systemic anti-infectives and antiparasitics
XX,T,T38,Poisoning by hormones and their synthetic substitutes and antagonists, not elsewhere classified
XX,T,T39,Poisoning by nonopioid analgesics, antipyretics and antirheumatics
XX,T,T40,Poisoning by narcotics and psychodysleptics [hallucinogens]
XX,T,T41,Poisoning by anesthetics and therapeutic gases
XX,T,T42,Poisoning by antiepileptic, sedative-hypnotic and antiparkinsonism drugs
XX,T,T43,Poisoning by psychotropic drugs, not elsewhere classified
XX,T,T44,Poisoning by drugs primarily affecting the autonomic nervous system
XX,T,T45,Poisoning by primarily systemic and hematological agents, not elsewhere classified
XX,T,T46,Poisoning by agents primarily affecting the cardiovascular system
XX,T,T47,Poisoning by agents primarily affecting the gastrointestinal system
XX,T,T48,Poisoning by agents primarily acting on smooth and skeletal muscles and the respiratory system
XX,T,T49,Poisoning by topical agents primarily affecting skin and mucous membrane and by ophthalmological, otorhinolaryngological and dental drugs
XX,T,T50,Poisoning by diuretics and other and unspecified drugs, medicaments and biological substances
XX,T,T51,Toxic effect of alcohol
XX,T,T52,Toxic effect of organic solvents
XX,T,T53,Toxic effect of halogen derivatives of aliphatic and aromatic hydrocarbons
XX,T,T54,Toxic effect of corrosive substances
XX,T,T55,Toxic effect of soaps and detergents
XX,T,T56,Toxic effect of metals
XX,T,T57,Toxic effect of other inorganic substances
XX,T,T58,Toxic effect of carbon monoxide
XX,T,T59,Toxic effect of other gases, fumes and vapors
XX,T,T60,Toxic effect of pesticides
XX,T,T61,Toxic effect of noxious substances eaten as seafood
XX,T,T62,Toxic effect of other noxious substances eaten as food
XX,T,T63,Toxic effect of contact with venomous animals
XX,T,T64,Toxic effect of aflatoxin and other mycotoxin food contaminants
XX,T,T65,Toxic effect of other and unspecified substances
XX,T,T66,Unspecified effects of radiation
XX,T,T67,Effects of heat and light
XX,T,T68,Hypothermia
XX,T,T69,Other effects of reduced temperature
XX,T,T70,Effects of air pressure and water pressure
XX,T,T71,Asphyxiation
XX,T,T73,Effects of other deprivation
XX,T,T74,Maltreatment syndromes
XX,T,T75,Effects of other external causes
XX,T,T78,Adverse effects, not elsewhere classified
XX,T,T79,Certain early complications of trauma, not elsewhere classified
XX,T,T80,Complications following infusion, transfusion and therapeutic injection
XX,T,T81,Complications of procedures, not elsewhere classified
XX,T,T82,Complications of cardiac and vascular prosthetic devices, implants and grafts
XX,T,T83,Complications of genitourinary prosthetic devices, implants and grafts
XX,T,T84,Complications of internal orthopedic prosthetic devices, implants and grafts
XX,T,T85,Complications of other internal prosthetic devices, implants and grafts
XX,T,T86,Failure and rejection of transplanted organs and tissues
XX,T,T87,Complications peculiar to reattachment and amputation
XX,T,T88,Other complications of surgical and medical care, not elsewhere classified
XX,T,T90,Sequelae of injuries of head
XX,T,T91,Sequelae of injuries of neck and trunk
XX,T,T92,Sequelae of injuries of upper limb
XX,T,T93,Sequelae of injuries of lower limb
XX,T,T94,Sequelae of injuries involving multiple and unspecified body regions
XX,T,T95,Sequelae of burns, corrosions and frostbite
XX,T,T96,Sequelae of poisoning by drugs, medicaments and biological substances
XX,T,T97,Sequelae of toxic effects of substances of nonmedicinal origin
XX,T,T98,Sequelae of other and unspecified effects of external causes
XXI,V,V01,Pedestrian injured in collision with pedal cycle
XXI,V,V02,Pedestrian injured in collision with two- or three-wheeled motor vehicle
XXI,V,V03,Pedestrian injured in collision with car, pick-up truck or van
XXI,V,V04,Pedestrian injured in collision with heavy transport vehicle or bus
XXI,V,V05,Pedestrian injured in collision with railway train or railway vehicle
XXI,V,V06,Pedestrian injured in collision with other nonmotor vehicle
XXI,V,V09,Pedestrian injured in other and unspecified transport accidents
XXI,V,V10,Pedal cyclist injured in collision with pedestrian or animal
XXI,V,V11,Pedal cyclist injured in collision with other pedal cycle
XXI,V,V12,Pedal cyclist injured in collision with two- or three-wheeled motor vehicle
XXI,V,V13,Pedal cyclist injured in collision with car, pick-up truck or van
XXI,V,V14,Pedal cyclist injured in collision with heavy transport vehicle or bus
XXI,V,V15,Pedal cyclist injured in collision with railway train or railway vehicle
XXI,V,V16,Pedal cyclist injured in collision with other nonmotor vehicle
XXI,V,V17,Pedal cyclist injured in collision with fixed or stationary object
XXI,V,V18,Pedal cyclist injured in noncollision transport accident
XXI,V,V19,Pedal cyclist injured in other and unspecified transport accidents
XXI,V,V20,Motorcycle rider injured in collision with pedestrian or animal
XXI,V,V21,Motorcycle rider injured in collision with pedal cycle
XXI,V,V22,Motorcycle rider injured in collision with two- or three-wheeled motor vehicle
XXI,V,V23,Motorcycle rider injured in collision with car, pick-up truck or van
XXI,V,V24,Motorcycle rider injured in collision with heavy transport vehicle or bus
XXI,V,V25,Motorcycle rider injured in collision with railway train or railway vehicle
XXI,V,V26,Motorcycle rider injured in collision with other nonmotor vehicle
XXI,V,V27,Motorcycle rider injured in collision with fixed or stationary object
XXI,V,V28,Motorcycle rider injured in noncollision transport accident
XXI,V,V29,Motorcycle rider injured in other and unspecified transport accidents
XXI,V,V30,Occupant of three-wheeled motor vehicle injured in collision with pedestrian or animal
XXI,V,V31,Occupant of three-wheeled motor vehicle injured in collision with pedal cycle
XXI,V,V32,Occupant of three-wheeled motor vehicle injured in collision with two- or three-wheeled motor vehicle
XXI,V,V33,Occupant of three-wheeled motor vehicle injured in collision with car, pick-up truck or van
XXI,V,V34,Occupant of three-wheeled motor vehicle injured in collision with heavy transport vehicle or bus
XXI,V,V35,Occupant of three-wheeled motor vehicle injured in collision with railway train or railway vehicle
XXI,V,V36,Occupant of three-wheeled motor vehicle injured in collision with other nonmotor vehicle
XXI,V,V37,Occupant of three-wheeled motor vehicle injured in collision with fixed or stationary object
XXI,V,V38,Occupant of three-wheeled motor vehicle injured in noncollision transport accident
XXI,V,V39,Occupant of three-wheeled motor vehicle injured in other and unspecified transport accidents
XXI,V,V40,Car occupant injured in collision with pedestrian or animal
XXI,V,V41,Car occupant injured in collision with pedal cycle
XXI,V,V42,Car occupant injured in collision with two- or three-wheeled motor vehicle
XXI,V,V43,Car occupant injured in collision with car, pick-up truck or van
XXI,V,V44,Car occupant injured in collision with heavy transport vehicle or bus
XXI,V,V45,Car occupant injured in collision with railway train or railway vehicle
XXI,V,V46,Car occupant injured in collision with other nonmotor vehicle
XXI,V,V47,Car occupant injured in collision with fixed or stationary object
XXI,V,V48,Car occupant injured in noncollision transport accident
XXI,V,V49,Car occupant injured in other and unspecified transport accidents
XXI,V,V50,Occupant of pick-up truck or van injured in collision with pedestrian or animal
XXI,V,V51,Occupant of pick-up truck or van injured in collision with pedal cycle
XXI,V,V52,Occupant of pick-up truck or van injured in collision with two- or three-wheeled motor vehicle
XXI,V,V53,Occupant of pick-up truck or van injured in collision with car, pick-up truck or van
XXI,V,V54,Occupant of pick-up truck or van injured in collision with heavy transport vehicle or bus
XXI,V,V55,Occupant of pick-up truck or van injured in collision with railway train or railway vehicle
XXI,V,V56,Occupant of pick-up truck or van injured in collision with other nonmotor vehicle
XXI,V,V57,Occupant of pick-up truck or van injured in collision with fixed or stationary object
XXI,V,V58,Occupant of pick-up truck or van injured in noncollision transport accident
XXI,V,V59,Occupant of pick-up truck or van injured in other and unspecified transport accidents
XXI,V,V60,Occupant of heavy transport vehicle injured in collision with pedestrian or animal
XXI,V,V61,Occupant of heavy transport vehicle injured in collision with pedal cycle
XXI,V,V62,Occupant of heavy transport vehicle injured in collision with two- or three-wheeled motor vehicle
XXI,V,V63,Occupant of heavy transport vehicle injured in collision with car, pick-up truck or van
XXI,V,V64,Occupant of heavy transport vehicle injured in collision with heavy transport vehicle or bus
XXI,V,V65,Occupant of heavy transport vehicle injured in collision with railway train or railway vehicle
XXI,V,V66,Occupant of heavy transport vehicle injured in collision with other nonmotor vehicle
XXI,V,V67,Occupant of heavy transport vehicle injured in collision with fixed or stationary object
XXI,V,V68,Occupant of heavy transport vehicle injured in noncollision transport accident
XXI,V,V69,Occupant of heavy transport vehicle injured in other and unspecified transport accidents
XXI,V,V70,Bus occupant injured in collision with pedestrian or animal
XXI,V,V71,Bus occupant injured in collision with pedal cycle
XXI,V,V72,Bus occupant injured in collision with two- or three-wheeled motor vehicle
XXI,V,V73,Bus occupant injured in collision with car, pick-up truck or van
XXI,V,V74,Bus occupant injured in collision with heavy transport vehicle or bus
XXI,V,V75,Bus occupant injured in collision with railway train or railway vehicle
XXI,V,V76,Bus occupant injured in collision with other nonmotor vehicle
XXI,V,V77,Bus occupant injured in collision with fixed or stationary object
XXI,V,V78,Bus occupant injured in noncollision transport accident
XXI,V,V79,Bus occupant injured in other and unspecified transport accidents
XXI,V,V80,Animal-rider or occupant of animal-drawn vehicle injured in transport accident
XXI,V,V81,Occupant of railway train or railway vehicle injured in transport accident
XXI,V,V82,Occupant of streetcar injured in transport accident
XXI,V,V83,Occupant of special industrial vehicle injured in transport accident
XXI,V,V84,Occupant of special agricultural vehicle injured in transport accident
XXI,V,V85,Occupant of special construction vehicle injured in transport accident
XXI,V,V86,Occupant of special all-terrain or other motor vehicle designed primarily for off-road use, injured in transport accident
XXI,V,V87,Traffic accident of specified type but victim's mode of transport unknown
XXI,V,V88,Nontraffic accident of specified type but victim's mode of transport unknown
XXI,V,V89,Vehicle accident, type of vehicle unspecified
XXI,V,V90,Accident to watercraft causing drowning and submersion
XXI,V,V91,Accident to watercraft causing other injury
XXI,V,V92,Water-transport-related drowning and submersion without accident to watercraft
XXI,V,V93,Accident on board watercraft without accident to watercraft, not causing drowning and submersion
XXI,V,V94,Other and unspecified water transport accidents
XXI,V,V95,Accident to powered aircraft causing injury to occupant
XXI,V,V96,Accident to nonpowered aircraft causing injury to occupant
XXI,V,V97,Other specified air transport accidents
XXI,V,V98,Other specified transport accidents
XXI,V,V99,Unspecified transport accident
XXI,W,W00,Fall on same level involving ice and snow
XXI,W,W01,Fall on same level from slipping, tripping and stumbling
XXI,W,W02,Fall involving ice-skates, skis, roller-skates or skateboards
XXI,W,W03,Other fall on same level due to collision with another person
XXI,W,W04,Fall while being carried or supported by other persons
XXI,W,W05,Fall involving wheelchair
XXI,W,W06,Fall involving bed
XXI,W,W07,Fall involving chair
XXI,W,W08,Fall involving other furniture
XXI,W,W09,Fall involving playground equipment
XXI,W,W10,Fall on and from stairs and steps
XXI,W,W11,Fall on and from ladder
XXI,W,W12,Fall on and from scaffolding
XXI,W,W13,Fall from, out of or through building or structure
XXI,W,W14,Fall from tree
XXI,W,W15,Fall from cliff
XXI,W,W16,Diving or jumping into water causing injury other than drowning or submersion
XXI,W,W17,Other fall from one level to another
XXI,W,W18,Other fall on same level
XXI,W,W19,Unspecified fall
XXI,W,W20,Struck by thrown, projected or falling object
XXI,W,W21,Striking against or struck by sports equipment
XXI,W,W22,Striking against or struck by other objects
XXI,W,W23,Caught, crushed, jammed or pinched in or between objects
XXI,W,W24,Contact with lifting and transmission devices, not elsewhere classified
XXI,W,W25,Contact with sharp glass
XXI,W,W26,Contact with knife, sword or dagger
XXI,W,W27,Contact with nonpowered hand tool
XXI,W,W28,Contact with powered lawnmower
XXI,W,W29,Contact with other powered hand tools and household machinery
XXI,W,W30,Contact with agricultural machinery
XXI,W,W31,Contact with other and unspecified machinery
XXI,W,W32,Handgun discharge
XXI,W,W33,Shotgun, rifle and larger firearm discharge
XXI,W,W34,Discharge from other and unspecified firearms
XXI,W,W35,Explosion and rupture of boiler
XXI,W,W36,Explosion and rupture of gas cylinder
XXI,W,W37,Explosion and rupture of pressurized tire, pipe or hose
XXI,W,W38,Explosion and rupture of other specified pressurized devices
XXI,W,W39,Discharge of firework
XXI,W,W40,Explosion of other materials
XXI,W,W41,Exposure to high-pressure jet
XXI,W,W42,Exposure to noise
XXI,W,W43,Exposure to vibration
XXI,W,W44,Foreign body entering into or through eye or natural orifice
XXI,W,W45,Foreign body entering through skin
XXI,W,W46,Contact with hypodermic needle
XXI,W,W49,Exposure to other and unspecified inanimate mechanical forces
XXI,W,W50,Struck, kicked, twisted, bitten or scratched by another person
XXI,W,W51,Striking against or bumped into by another person
XXI,W,W52,Crushed, pushed or stepped on by crowd or human stampede
XXI,W,W53,Bitten by rat
XXI,W,W54,Bitten or struck by dog
XXI,W,W55,Bitten or struck by other mammals
XXI,W,W56,Contact with marine animal
XXI,W,W57,Bitten or stung by nonvenomous insect and other nonvenomous arthropods
XXI,W,W58,Bitten or struck by crocodile or alligator
XXI,W,W59,Bitten or crushed by other reptiles
XXI,W,W60,Contact with plant thorns and spines and sharp leaves
XXI,W,W64,Exposure to other and unspecified animate mechanical forces
XXI,W,W65,Drowning and submersion while in bath-tub
XXI,W,W66,Drowning and submersion following fall into bath-tub
XXI,W,W67,Drowning and submersion while in swimming-pool
XXI,W,W68,Drowning and submersion following fall into swimming-pool
XXI,W,W69,Drowning and submersion while in natural water
XXI,W,W70,Drowning and submersion following fall into natural water
XXI,W,W73,Other specified drowning and submersion
XXI,W,W74,Unspecified drowning and submersion
XXI,W,W75,Accidental suffocation and strangulation in bed
XXI,W,W76,Other accidental hanging and strangulation
XXI,W,W77,Threat to breathing due to cave-in, falling earth and other substances
XXI,W,W78,Inhalation of gastric contents
XXI,W,W79,Inhalation and ingestion of food causing obstruction of respiratory tract
XXI,W,W80,Inhalation and ingestion of other objects causing obstruction of respiratory tract
XXI,W,W81,Confined to or trapped in a low-oxygen environment
XXI,W,W83,Other specified threats to breathing
XXI,W,W84,Unspecified threat to breathing
XXI,W,W85,Exposure to electric transmission lines
XXI,W,W86,Exposure to other specified electric current
XXI,W,W87,Exposure to unspecified electric current
XXI,W,W88,Exposure to ionizing radiation
XXI,W,W89,Exposure to man-made visible and ultraviolet light
XXI,W,W90,Exposure to other nonionizing radiation
XXI,W,W91,Exposure to unspecified type of radiation
XXI,W,W92,Exposure to excessive heat of man-made origin
XXI,W,W93,Exposure to excessive cold of man-made origin
XXI,W,W94,Exposure to high and low air pressure and changes in air pressure
XXI,W,W99,Exposure to other and unspecified man-made environmental factors
XXI,X,X00,Exposure to uncontrolled fire in building or structure
XXI,X,X01,Exposure to uncontrolled fire, not in building or structure
XXI,X,X02,Exposure to controlled fire in building or structure
XXI,X,X03,Exposure to controlled fire, not in building or structure
XXI,X,X04,Exposure to ignition of highly flammable material
XXI,X,X05,Exposure to ignition or melting of nightwear
XXI,X,X06,Exposure to ignition or melting of other clothing and apparel
XXI,X,X08,Exposure to other specified smoke, fire and flames
XXI,X,X09,Exposure to unspecified smoke, fire and flames
XXI,X,X10,Contact with hot drinks, food, fats and cooking oils
XXI,X,X11,Contact with hot tap-water
XXI,X,X12,Contact with other hot fluids
XXI,X,X13,Contact with steam and hot vapors
XXI,X,X14,Contact with hot air and other gases
XXI,X,X15,Contact with hot household appliances
XXI,X,X16,Contact with hot heating appliances, radiators and pipes
XXI,X,X17,Contact with hot engines, machinery and tools
XXI,X,X18,Contact with other hot metals
XXI,X,X19,Contact with other and unspecified heat and hot substances
XXI,X,X20,Contact with venomous snakes and lizards
XXI,X,X21,Contact with venomous spiders
XXI,X,X22,Contact with scorpions
XXI,X,X23,Contact with hornets, wasps and bees
XXI,X,X24,Contact with centipedes and venomous millipedes (tropical)
XXI,X,X25,Contact with other venomous arthropods
XXI,X,X26,Contact with venomous marine animals and plants
XXI,X,X27,Contact with other specified venomous animals
XXI,X,X28,Contact with other specified venomous plants
XXI,X,X29,Contact with unspecified venomous animal or plant
XXI,X,X30,Exposure to excessive natural heat
XXI,X,X31,Exposure to excessive natural cold
XXI,X,X32,Exposure to sunlight
XXI,X,X33,Victim of lightning
XXI,X,X34,Victim of earthquake
XXI,X,X35,Victim of volcanic eruption
XXI,X,X36,Victim of avalanche, landslide and other earth movements
XXI,X,X37,Victim of cataclysmic storm
XXI,X,X38,Victim of flood
XXI,X,X39,Exposure to other and unspecified forces of nature
XXI,X,X40,Accidental poisoning by and exposure to nonopioid analgesics, antipyretics and antirheumatics
XXI,X,X41,Accidental poisoning by and exposure to antiepileptic, sedative-hypnotic, antiparkinsonism and psychotropic drugs, not elsewhere classified
XXI,X,X42,Accidental poisoning by and exposure to narcotics and psychodysleptics [hallucinogens], not elsewhere classified
XXI,X,X43,Accidental poisoning by and exposure to other drugs acting on the autonomic nervous system
XXI,X,X44,Accidental poisoning by and exposure to other and unspecified drugs, medicaments and biological substances
XXI,X,X45,Accidental poisoning by and exposure to alcohol
XXI,X,X46,Accidental poisoning by and exposure to organic solvents and halogenated hydrocarbons and their vapors
XXI,X,X47,Accidental poisoning by and exposure to other gases and vapors
XXI,X,X48,Accidental poisoning by and exposure to pesticides
XXI,X,X49,Accidental poisoning by and exposure to other and unspecified chemicals and noxious substances
XXI,X,X50,Overexertion and strenuous or repetitive movements
XXI,X,X51,Travel and motion
XXI,X,X52,Prolonged stay in weightless environment
XXI,X,X53,Inadequate food and water supply
XXI,X,X54,Deprivation of food and water
XXI,X,X57,Unspecified privation
XXI,X,X58,Exposure to other specified factors
XXI,X,X59,Exposure to unspecified factor
XXI,X,X60,Intentional self-poisoning by and exposure to nonopioid analgesics, antipyretics and antirheumatics
XXI,X,X61,Intentional self-poisoning by and exposure to antiepileptic, sedative-hypnotic, antiparkinsonism and psychotropic drugs, not elsewhere classified
XXI,X,X62,Intentional self-poisoning by and exposure to narcotics and psychodysleptics [hallucinogens], not elsewhere classified
XXI,X,X63,Intentional self-poisoning by and exposure to other drugs acting on the autonomic nervous system
XXI,X,X64,Intentional self-poisoning by and exposure to other and unspecified drugs, medicaments and biological substances
XXI,X,X65,Intentional self-poisoning by and exposure to alcohol
XXI,X,X66,Intentional self-poisoning by and exposure to organic solvents and halogenated hydrocarbons and their vapors
XXI,X,X67,Intentional self-poisoning by and exposure to other gases and vapors
XXI,X,X68,Intentional self-poisoning by and exposure to pesticides
XXI,X,X69,Intentional self-poisoning by and exposure to other and unspecified chemicals and noxious substances
XXI,X,X70,Intentional self-harm by hanging, strangulation and suffocation
XXI,X,X71,Intentional self-harm by drowning and submersion
XXI,X,X72,Intentional self-harm by handgun discharge
XXI,X,X73,Intentional self-harm by rifle, shotgun and larger firearm discharge
XXI,X,X74,Intentional self-harm by other and unspecified firearm discharge
XXI,X,X75,Intentional self-harm by explosive material
XXI,X,X76,Intentional self-harm by smoke, fire and flames
XXI,X,X77,Intentional self-harm by steam, hot vapors and hot objects
XXI,X,X78,Intentional self-harm by sharp object
XXI,X,X79,Intentional self-harm by blunt object
XXI,X,X80,Intentional self-harm by jumping from a high place
XXI,X,X81,Intentional self-harm by jumping or lying before moving object
XXI,X,X82,Intentional self-harm by crashing of motor vehicle
XXI,X,X83,Intentional self-harm by other specified means
XXI,X,X84,Intentional self-harm by unspecified means
XXI,X,X85,Assault by drugs, medicaments and biological substances
XXI,X,X86,Assault by corrosive substance
XXI,X,X87,Assault by pesticides
XXI,X,X88,Assault by gases and vapors
XXI,X,X89,Assault by other specified chemicals and noxious substances
XXI,X,X90,Assault by unspecified chemical or noxious substance
XXI,X,X91,Assault by hanging, strangulation and suffocation
XXI,X,X92,Assault by drowning and submersion
XXI,X,X93,Assault by handgun discharge
XXI,X,X94,Assault by rifle, shotgun and larger firearm discharge
XXI,X,X95,Assault by other and unspecified firearm discharge
XXI,X,X96,Assault by explosive material
XXI,X,X97,Assault by smoke, fire and flames
XXI,X,X98,Assault by steam, hot vapors and hot objects
XXI,X,X99,Assault by sharp object
XXI,X,Y00,Assault by blunt object
XXI,X,Y01,Assault by pushing from high place
XXI,X,Y02,Assault by pushing or placing victim before moving object
XXI,X,Y03,Assault by crashing of motor vehicle
XXI,X,Y04,Assault by bodily force
XXI,X,Y05,Sexual assault by bodily force
XXI,X,Y06,Neglect and abandonment
XXI,X,Y07,Other maltreatment syndromes
XXI,X,Y08,Assault by other specified means
XXI,X,Y09,Assault by unspecified means
XXI,X,Y10,Poisoning by and exposure to nonopioid analgesics, antipyretics and antirheumatics, undetermined intent
XXI,X,Y11,Poisoning by and exposure to antiepileptic, sedative-hypnotic, antiparkinsonism and psychotropic drugs, not elsewhere classified, undetermined intent
XXI,X,Y12,Poisoning by and exposure to narcotics and psychodysleptics [hallucinogens], not elsewhere classified, undetermined intent
XXI,X,Y13,Poisoning by and exposure to other drugs acting on the autonomic nervous system, undetermined intent
XXI,X,Y14,Poisoning by and exposure to other and unspecified drugs, medicaments and biological substances, undetermined intent
XXI,X,Y15,Poisoning by and exposure to alcohol, undetermined intent
XXI,X,Y16,Poisoning by and exposure to organic solvents and halogenated hydrocarbons and their vapors, undetermined intent
XXI,X,Y17,Poisoning by and exposure to other gases and vapors, undetermined intent
XXI,X,Y18,Poisoning by and exposure to pesticides, undetermined intent
XXI,X,Y19,Poisoning by and exposure to other and unspecified chemicals and noxious substances, undetermined intent
XXI,X,Y20,Hanging, strangulation and suffocation, undetermined intent
XXI,X,Y21,Drowning and submersion, undetermined intent
XXI,X,Y22,Handgun discharge, undetermined intent
XXI,X,Y23,Rifle, shotgun and larger firearm discharge, undetermined intent
XXI,X,Y24,Other and unspecified firearm discharge, undetermined intent
XXI,X,Y25,Explosive material, undetermined intent
XXI,X,Y26,Smoke, fire and flames, undetermined intent
XXI,X,Y27,Steam, hot vapors and hot objects, undetermined intent
XXI,X,Y28,Sharp object, undetermined intent
XXI,X,Y29,Blunt object, undetermined intent
XXI,X,Y30,Falling, jumping or pushed from a high place, undetermined intent
XXI,X,Y31,Falling, jumping or lying before moving object, undetermined intent
XXI,X,Y32,Crashing of motor vehicle, undetermined intent
XXI,X,Y33,Other specified events, undetermined intent
XXI,X,Y34,Unspecified event, undetermined intent
XXI,X,Y35,Legal intervention
XXI,X,Y36,Operations of war
XXI,X,Y37,Military operations
XXI,X,Y38,Terrorism
XXI,X,Y40,Adverse effects of systemic antibiotics
XXI,X,Y41,Adverse effects of other systemic anti-infectives and antiparasitics
XXI,X,Y42,Adverse effects of hormones and their synthetic substitutes and antagonists, not elsewhere classified
XXI,X,Y43,Adverse effects of primarily systemic agents
XXI,X,Y44,Adverse effects of agents primarily affecting blood constituents
XXI,X,Y45,Adverse effects of analgesic, antipyretic and anti-inflammatory drugs
XXI,X,Y46,Adverse effects of antiepileptic and antiparkinsonism drugs
XXI,X,Y47,Adverse effects of sedative, hypnotic and antianxiety drugs
XXI,X,Y48,Adverse effects of anesthetic and therapeutic gases
XXI,X,Y49,Adverse effects of psychotropic drugs, not elsewhere classified
XXI,X,Y50,Adverse effects of central nervous system stimulants, not elsewhere classified
XXI,X,Y51,Adverse effects of drugs primarily affecting the autonomic nervous system
XXI,X,Y52,Adverse effects of agents primarily affecting the cardiovascular system
XXI,X,Y53,Adverse effects of agents primarily affecting the gastrointestinal system
XXI,X,Y54,Adverse effects of agents primarily affecting water-balance and mineral and uric acid metabolism
XXI,X,Y55,Adverse effects of agents primarily acting on smooth and skeletal muscles and the respiratory system
XXI,X,Y56,Adverse effects of topical agents primarily affecting skin and mucous membrane and by ophthalmological, otorhinolaryngological and dental drugs
XXI,X,Y57,Adverse effects of other and unspecified drugs and medicaments
XXI,X,Y58,Adverse effects of bacterial vaccines
XXI,X,Y59,Adverse effects of other vaccines and biological substances
XXI,X,Y60,Unintentional cut, puncture, perforation or hemorrhage during surgical and medical care
XXI,X,Y61,Foreign object accidentally left in body during surgical and medical care
XXI,X,Y62,Failure of sterile precautions during surgical and medical care
XXI,X,Y63,Failure in dosage during surgical and medical care
XXI,X,Y64,Contaminated medical or biological substances
XXI,X,Y65,Other misadventures during surgical and medical care
XXI,X,Y66,Failure to carry out surgical and medical care
XXI,X,Y69,Unspecified misadventure during surgical and medical care
XXI,X,Y70,Anesthesiology devices associated with adverse incidents
XXI,X,Y71,Cardiovascular devices associated with adverse incidents
XXI,X,Y72,Otorhinolaryngology devices associated with adverse incidents
XXI,X,Y73,Gastroenterology and urology devices associated with adverse incidents
XXI,X,Y74,General hospital and personal-use devices associated with adverse incidents
XXI,X,Y75,Neurological devices associated with adverse incidents
XXI,X,Y76,Obstetric and gynecological devices associated with adverse incidents
XXI,X,Y77,Ophthalmic devices associated with adverse incidents
XXI,X,Y78,Radiological devices associated with adverse incidents
XXI,X,Y79,Orthopedic devices associated with adverse incidents
XXI,X,Y80,Physical medicine devices associated with adverse incidents
XXI,X,Y81,General- and plastic-surgery devices associated with adverse incidents
XXI,X,Y82,Other and unspecified medical devices associated with adverse incidents
XXI,X,Y83,Surgical operation and other surgical procedures as the cause of abnormal reaction of the patient, or of later complication, without mention of misadventure at the time of the procedure
XXI,X,Y84,Other medical procedures as the cause of abnormal reaction of the patient, or of later complication, without mention of misadventure at the time of the procedure
XXI,X,Y85,Sequelae of transport accidents
XXI,X,Y86,Sequelae of other accidents
XXI,X,Y87,Sequelae of intentional self-harm, assault and events of undetermined intent
XXI,X,Y88,Sequelae of medical and surgical care
XXI,X,Y89,Sequelae of other external causes
XXII,Z,Z00,General examination and investigation of persons without complaint or reported diagnosis
XXII,Z,Z01,Other special examinations and investigations of persons without complaint or reported diagnosis
XXII,Z,Z02,Examination for administrative purposes
XXII,Z,Z03,Medical observation for suspected diseases and conditions, ruled out
XXII,Z,Z04,Examination and observation for other reasons
XXII,Z,Z08,Follow-up examination after treatment for malignant neoplasms
XXII,Z,Z09,Follow-up examination after treatment for conditions other than malignant neoplasms
XXII,Z,Z10,Routine general health screening of defined subpopulation
XXII,Z,Z11,Special screening examination for infectious and parasitic diseases
XXII,Z,Z12,Special screening examination for neoplasms
XXII,Z,Z13,Special screening examination for other diseases and disorders
XXII,Z,Z14,Genetic carrier
XXII,Z,Z15,Genetic susceptibility to disease
XXII,Z,Z16,Resistance to antimicrobial drugs
XXII,Z,Z17,Estrogen receptor status
XXII,Z,Z18,Retained foreign body fragments
XXII,Z,Z20,Contact with and exposure to communicable diseases
XXII,Z,Z21,Asymptomatic human immunodeficiency virus [HIV] infection status
XXII,Z,Z22,Carrier of infectious disease
XXII,Z,Z23,Need for immunization against single bacterial diseases
XXII,Z,Z24,Need for immunization against certain single viral diseases
XXII,Z,Z25,Need for immunization against other single viral diseases
XXII,Z,Z26,Need for immunization against other single infectious diseases
XXII,Z,Z27,Need for immunization against combinations of infectious diseases
XXII,Z,Z28,Immunization not carried out
XXII,Z,Z29,Need for other prophylactic measures
XXII,Z,Z30,Contraceptive management
XXII,Z,Z31,Procreative management
XXII,Z,Z32,Examination and tests for pregnancy
XXII,Z,Z33,Pregnant state, incidental
XXII,Z,Z34,Supervision of normal pregnancy
XXII,Z,Z35,Supervision of high-risk pregnancy
XXII,Z,Z36,Antenatal screening
XXII,Z,Z37,Outcome of delivery
XXII,Z,Z38,Liveborn infants according to place of birth
XXII,Z,Z39,Postpartum care and examination
XXII,Z,Z40,Prophylactic surgery
XXII,Z,Z41,Procedures for purposes other than remedying health state
XXII,Z,Z42,Follow-up care involving plastic surgery
XXII,Z,Z43,Attention to artificial openings
XXII,Z,Z44,Fitting and adjustment of external prosthetic device
XXII,Z,Z45,Adjustment and management of implanted device